trial,register,rdistance,strength,edistance
0,10.0,233.0,-12535.0,80
0,10.0,234.0,-13317.0,80
0,10.0,236.0,-12594.0,80
0,10.0,234.0,-12840.0,80
0,10.0,234.0,-13474.0,80
0,10.0,236.0,-12674.0,80
0,10.0,234.0,-12854.0,80
0,10.0,235.0,-13005.0,80
0,10.0,235.0,-13113.0,80
0,10.0,234.0,-12804.0,80
0,10.0,235.0,-12874.0,80
0,10.0,236.0,-12392.0,80
0,10.0,234.0,-12568.0,80
0,11.0,82.0,-16159.0,80
0,10.0,235.0,-17407.0,80
0,11.0,76.0,-26111.0,80
0,10.0,233.0,-12720.0,80
0,10.0,234.0,-14249.0,80
0,11.0,83.0,-19489.0,80
0,10.0,232.0,-14861.0,80
0,11.0,81.0,-20970.0,80
0,10.0,235.0,-17841.0,80
0,10.0,234.0,-14965.0,80
0,11.0,84.0,-21622.0,80
0,10.0,233.0,-12854.0,80
0,10.0,234.0,-12840.0,80
0,10.0,234.0,-13149.0,80
0,10.0,234.0,-13356.0,80
0,10.0,234.0,-13175.0,80
0,10.0,234.0,-12805.0,80
0,10.0,235.0,-12997.0,80
0,10.0,235.0,-12925.0,80
0,10.0,235.0,-12727.0,80
0,10.0,234.0,-13142.0,80
0,10.0,234.0,-13432.0,80
0,10.0,236.0,-13184.0,80
0,10.0,234.0,-13003.0,80
0,10.0,233.0,-12727.0,80
0,10.0,235.0,-13167.0,80
0,10.0,234.0,-12712.0,80
0,10.0,235.0,-12510.0,80
0,10.0,234.0,-13260.0,80
0,10.0,234.0,-13542.0,80
0,10.0,235.0,-13072.0,80
0,10.0,234.0,-12750.0,80
0,10.0,235.0,-13051.0,80
0,10.0,236.0,-12740.0,80
0,10.0,235.0,-13642.0,80
0,10.0,234.0,-12944.0,80
0,10.0,236.0,-17198.0,80
0,11.0,83.0,-26577.0,80
0,10.0,232.0,-14531.0,80
0,11.0,81.0,-19314.0,80
0,10.0,235.0,-17591.0,80
0,11.0,78.0,-26946.0,80
0,10.0,235.0,-12663.0,80
0,10.0,233.0,-16229.0,80
0,11.0,80.0,-23744.0,80
0,10.0,232.0,-15075.0,80
0,11.0,83.0,-20816.0,80
0,10.0,232.0,-16260.0,80
0,11.0,80.0,-24494.0,80
0,10.0,234.0,-12784.0,80
0,10.0,233.0,-17630.0,80
0,11.0,81.0,-25656.0,80
0,10.0,233.0,-16889.0,80
0,11.0,81.0,-24598.0,80
0,10.0,235.0,-13198.0,80
0,10.0,234.0,-13026.0,80
0,10.0,233.0,-15704.0,80
0,11.0,80.0,-22307.0,80
0,10.0,232.0,-17991.0,80
0,10.0,236.0,-13126.0,80
0,10.0,233.0,-16808.0,80
0,11.0,79.0,-24885.0,80
0,10.0,231.0,-18160.0,80
0,10.0,234.0,-13257.0,80
0,10.0,235.0,-17532.0,80
0,11.0,79.0,-25851.0,80
0,10.0,232.0,-17485.0,80
0,11.0,82.0,-26660.0,80
0,10.0,236.0,-13215.0,80
0,10.0,234.0,-18153.0,80
0,11.0,73.0,-27376.0,80
0,10.0,232.0,-16272.0,80
0,11.0,80.0,-24425.0,80
0,10.0,234.0,-12957.0,80
0,10.0,233.0,-17184.0,80
0,11.0,80.0,-25535.0,80
0,10.0,233.0,-16880.0,80
0,11.0,80.0,-24796.0,80
0,10.0,233.0,-17079.0,80
0,11.0,79.0,-25395.0,80
0,10.0,235.0,-12882.0,80
0,10.0,233.0,-16839.0,80
0,11.0,80.0,-23764.0,80
0,10.0,234.0,-13448.0,80
0,10.0,232.0,-17311.0,80
0,11.0,79.0,-23950.0,80
0,10.0,233.0,-16598.0,80
0,11.0,80.0,-24002.0,80
0,10.0,236.0,-12707.0,80
0,10.0,236.0,-12669.0,80
0,10.0,232.0,-15910.0,80
0,11.0,80.0,-22868.0,80
0,10.0,236.0,-12964.0,80
0,10.0,235.0,-13332.0,80
0,10.0,235.0,-13413.0,80
0,10.0,236.0,-18138.0,80
0,10.0,235.0,-12833.0,80
0,10.0,234.0,-14455.0,80
0,11.0,82.0,-19351.0,80
0,10.0,236.0,-17777.0,80
0,10.0,233.0,-14283.0,80
0,11.0,82.0,-19006.0,80
0,10.0,234.0,-13379.0,80
0,10.0,234.0,-13824.0,80
0,11.0,82.0,-18632.0,80
0,10.0,234.0,-13301.0,80
0,10.0,233.0,-13862.0,80
0,11.0,82.0,-18498.0,80
0,10.0,232.0,-15205.0,80
0,11.0,81.0,-21202.0,80
0,10.0,233.0,-15410.0,80
0,11.0,81.0,-21450.0,80
0,10.0,233.0,-14016.0,80
0,11.0,83.0,-18745.0,80
0,10.0,234.0,-12899.0,80
0,11.0,81.0,-16716.0,80
0,10.0,234.0,-12309.0,80
0,11.0,81.0,-16338.0,80
0,10.0,233.0,-14488.0,80
0,11.0,80.0,-20679.0,80
0,10.0,233.0,-13978.0,80
0,11.0,81.0,-19524.0,80
0,10.0,233.0,-14540.0,80
0,11.0,81.0,-20097.0,80
0,10.0,233.0,-13691.0,80
0,11.0,83.0,-18506.0,80
0,10.0,233.0,-12812.0,80
0,11.0,81.0,-17238.0,80
0,10.0,234.0,-12983.0,80
0,11.0,81.0,-17423.0,80
0,10.0,234.0,-12820.0,80
0,11.0,81.0,-17437.0,80
0,10.0,233.0,-13048.0,80
0,11.0,82.0,-17440.0,80
0,10.0,232.0,-13030.0,80
0,11.0,81.0,-17200.0,80
0,10.0,233.0,-13162.0,80
0,11.0,82.0,-17560.0,80
0,10.0,233.0,-12930.0,80
0,11.0,81.0,-17291.0,80
0,10.0,233.0,-12860.0,80
0,11.0,81.0,-17525.0,80
0,10.0,234.0,-12937.0,80
0,11.0,80.0,-17469.0,80
0,10.0,232.0,-12929.0,80
0,11.0,81.0,-17496.0,80
0,10.0,234.0,-13148.0,80
0,11.0,81.0,-17336.0,80
0,10.0,234.0,-13081.0,80
0,11.0,82.0,-17811.0,80
0,10.0,233.0,-13199.0,80
0,11.0,82.0,-17367.0,80
0,10.0,233.0,-13105.0,80
0,11.0,82.0,-17603.0,80
0,10.0,233.0,-13275.0,80
0,11.0,82.0,-17567.0,80
0,10.0,234.0,-13104.0,80
0,11.0,81.0,-17639.0,80
0,10.0,233.0,-12936.0,80
0,11.0,82.0,-17489.0,80
0,10.0,233.0,-13124.0,80
0,11.0,82.0,-17369.0,80
0,10.0,233.0,-12982.0,80
0,11.0,81.0,-17411.0,80
0,10.0,233.0,-12998.0,80
0,11.0,81.0,-17533.0,80
0,10.0,233.0,-13057.0,80
0,11.0,82.0,-17548.0,80
0,10.0,234.0,-12887.0,80
0,11.0,82.0,-17290.0,80
0,10.0,233.0,-12851.0,80
0,11.0,81.0,-17388.0,80
0,10.0,233.0,-13136.0,80
0,11.0,81.0,-17560.0,80
0,10.0,233.0,-12914.0,80
0,11.0,80.0,-17102.0,80
0,10.0,234.0,-13302.0,80
0,11.0,82.0,-17345.0,80
0,10.0,234.0,-12844.0,80
0,11.0,81.0,-17571.0,80
0,10.0,233.0,-12926.0,80
0,11.0,82.0,-17332.0,80
0,10.0,233.0,-12842.0,80
0,11.0,81.0,-17265.0,80
0,10.0,233.0,-13139.0,80
0,11.0,81.0,-17415.0,80
0,10.0,234.0,-12964.0,80
1,10.0,234.0,-11809.0,80
1,11.0,82.0,-15356.0,80
1,10.0,233.0,-11849.0,80
1,11.0,81.0,-15434.0,80
1,10.0,234.0,-12157.0,80
1,11.0,81.0,-16782.0,80
1,10.0,233.0,-11872.0,80
1,11.0,81.0,-15650.0,80
1,10.0,233.0,-12415.0,80
1,11.0,82.0,-16708.0,80
1,10.0,233.0,-12091.0,80
1,11.0,82.0,-15965.0,80
1,10.0,234.0,-12015.0,80
1,11.0,81.0,-16039.0,80
1,10.0,234.0,-12402.0,80
1,11.0,81.0,-16054.0,80
1,10.0,233.0,-12119.0,80
1,11.0,82.0,-16171.0,80
1,10.0,233.0,-12187.0,80
1,11.0,81.0,-16214.0,80
1,10.0,233.0,-12261.0,80
1,11.0,81.0,-16219.0,80
1,10.0,233.0,-12211.0,80
1,11.0,81.0,-16028.0,80
1,10.0,234.0,-11940.0,80
1,11.0,82.0,-16167.0,80
1,10.0,233.0,-12245.0,80
1,11.0,81.0,-16370.0,80
1,10.0,233.0,-12145.0,80
1,11.0,81.0,-16102.0,80
1,10.0,233.0,-12199.0,80
1,11.0,81.0,-16137.0,80
1,10.0,233.0,-12147.0,80
1,11.0,81.0,-16140.0,80
1,10.0,233.0,-12263.0,80
1,11.0,81.0,-16410.0,80
1,10.0,234.0,-11896.0,80
1,11.0,81.0,-16384.0,80
1,10.0,233.0,-12221.0,80
1,11.0,81.0,-16243.0,80
1,10.0,233.0,-12318.0,80
1,11.0,81.0,-15993.0,80
1,10.0,233.0,-12111.0,80
1,11.0,81.0,-16180.0,80
1,10.0,234.0,-12144.0,80
1,11.0,82.0,-16231.0,80
1,10.0,234.0,-12053.0,80
1,11.0,82.0,-15941.0,80
1,10.0,233.0,-12569.0,80
1,11.0,82.0,-16191.0,80
1,10.0,233.0,-12130.0,80
1,11.0,82.0,-15957.0,80
1,10.0,233.0,-12443.0,80
1,11.0,82.0,-16258.0,80
1,10.0,234.0,-12321.0,80
1,11.0,82.0,-16320.0,80
1,10.0,234.0,-12281.0,80
1,11.0,82.0,-16257.0,80
1,10.0,233.0,-12238.0,80
1,11.0,82.0,-16206.0,80
1,10.0,233.0,-12332.0,80
1,11.0,82.0,-16387.0,80
1,10.0,233.0,-12200.0,80
1,11.0,81.0,-16139.0,80
1,10.0,233.0,-12349.0,80
1,11.0,81.0,-16335.0,80
1,10.0,234.0,-12208.0,80
1,11.0,82.0,-16204.0,80
1,10.0,233.0,-12153.0,80
1,11.0,82.0,-16324.0,80
1,10.0,233.0,-12233.0,80
1,11.0,82.0,-16314.0,80
1,10.0,234.0,-11905.0,80
1,11.0,82.0,-16322.0,80
1,10.0,234.0,-12259.0,80
1,11.0,81.0,-16191.0,80
1,10.0,233.0,-12304.0,80
1,11.0,81.0,-16214.0,80
1,10.0,234.0,-12351.0,80
1,11.0,81.0,-16168.0,80
1,10.0,234.0,-12372.0,80
1,11.0,81.0,-16327.0,80
1,10.0,233.0,-12053.0,80
1,11.0,81.0,-16131.0,80
1,10.0,233.0,-12308.0,80
1,11.0,81.0,-16176.0,80
1,10.0,233.0,-12111.0,80
1,11.0,81.0,-16181.0,80
1,10.0,233.0,-12272.0,80
1,11.0,81.0,-16072.0,80
1,10.0,234.0,-12100.0,80
1,11.0,81.0,-16027.0,80
1,10.0,233.0,-12255.0,80
1,11.0,82.0,-16259.0,80
1,10.0,234.0,-12088.0,80
1,11.0,81.0,-16252.0,80
1,10.0,233.0,-11893.0,80
1,11.0,81.0,-16063.0,80
1,10.0,234.0,-12229.0,80
1,11.0,82.0,-16188.0,80
1,10.0,233.0,-12483.0,80
1,11.0,82.0,-16322.0,80
1,10.0,234.0,-12165.0,80
1,11.0,81.0,-16227.0,80
1,10.0,234.0,-12302.0,80
1,11.0,81.0,-16320.0,80
1,10.0,234.0,-12407.0,80
1,11.0,82.0,-16249.0,80
1,10.0,233.0,-12283.0,80
1,11.0,82.0,-16240.0,80
1,10.0,233.0,-12138.0,80
1,11.0,82.0,-16206.0,80
1,10.0,233.0,-11965.0,80
1,11.0,81.0,-16245.0,80
1,10.0,233.0,-12259.0,80
1,11.0,82.0,-16398.0,80
1,10.0,232.0,-12386.0,80
1,11.0,82.0,-16090.0,80
1,10.0,233.0,-12013.0,80
1,11.0,82.0,-16180.0,80
1,10.0,234.0,-12120.0,80
1,11.0,82.0,-15941.0,80
1,10.0,234.0,-12292.0,80
1,11.0,81.0,-16279.0,80
1,10.0,233.0,-12228.0,80
1,11.0,82.0,-16530.0,80
1,10.0,233.0,-12385.0,80
1,11.0,82.0,-16075.0,80
1,10.0,233.0,-12547.0,80
1,11.0,82.0,-16076.0,80
1,10.0,233.0,-11981.0,80
1,11.0,81.0,-16219.0,80
1,10.0,233.0,-12304.0,80
1,11.0,82.0,-16359.0,80
1,10.0,233.0,-12376.0,80
1,11.0,81.0,-16322.0,80
1,10.0,233.0,-12070.0,80
1,11.0,81.0,-16228.0,80
1,10.0,234.0,-12542.0,80
1,11.0,82.0,-16311.0,80
1,10.0,234.0,-12238.0,80
1,11.0,81.0,-16291.0,80
1,10.0,233.0,-12428.0,80
1,11.0,81.0,-16194.0,80
1,10.0,233.0,-12058.0,80
1,11.0,81.0,-16248.0,80
1,10.0,233.0,-12535.0,80
1,11.0,81.0,-16168.0,80
1,10.0,234.0,-12254.0,80
1,11.0,81.0,-16280.0,80
1,10.0,233.0,-12340.0,80
1,11.0,82.0,-16318.0,80
1,10.0,233.0,-12376.0,80
1,11.0,82.0,-16320.0,80
1,10.0,234.0,-11945.0,80
1,11.0,81.0,-16272.0,80
1,10.0,234.0,-12447.0,80
1,11.0,81.0,-16112.0,80
1,10.0,233.0,-12492.0,80
1,11.0,81.0,-16307.0,80
1,10.0,234.0,-12216.0,80
1,11.0,81.0,-16404.0,80
1,10.0,233.0,-12315.0,80
1,11.0,81.0,-16232.0,80
1,10.0,233.0,-12139.0,80
1,11.0,81.0,-16007.0,80
1,10.0,233.0,-12325.0,80
1,11.0,82.0,-16061.0,80
1,10.0,233.0,-11935.0,80
1,11.0,81.0,-16460.0,80
1,10.0,234.0,-12522.0,80
1,11.0,81.0,-16244.0,80
1,10.0,233.0,-12429.0,80
1,11.0,81.0,-16134.0,80
1,10.0,233.0,-12227.0,80
1,11.0,81.0,-16291.0,80
1,10.0,233.0,-12327.0,80
1,11.0,82.0,-16079.0,80
1,10.0,234.0,-12570.0,80
1,11.0,82.0,-16260.0,80
1,10.0,233.0,-12100.0,80
1,11.0,81.0,-16218.0,80
1,10.0,233.0,-12252.0,80
1,11.0,81.0,-16276.0,80
1,10.0,234.0,-12082.0,80
1,11.0,82.0,-16340.0,80
1,10.0,233.0,-12236.0,80
1,11.0,81.0,-16219.0,80
1,10.0,234.0,-12276.0,80
1,11.0,81.0,-16163.0,80
1,10.0,233.0,-12708.0,80
1,11.0,82.0,-16223.0,80
1,10.0,234.0,-12425.0,80
1,11.0,82.0,-16252.0,80
1,10.0,233.0,-12050.0,80
1,11.0,82.0,-16423.0,80
1,10.0,234.0,-12363.0,80
1,11.0,81.0,-16250.0,80
1,10.0,234.0,-12170.0,80
1,11.0,81.0,-16193.0,80
2,10.0,233.0,-11880.0,80
2,11.0,81.0,-16245.0,80
2,10.0,232.0,-15799.0,80
2,11.0,80.0,-21986.0,80
2,10.0,233.0,-12406.0,80
2,11.0,81.0,-16234.0,80
2,10.0,233.0,-11474.0,80
2,11.0,83.0,-15338.0,80
2,10.0,233.0,-11996.0,80
2,11.0,81.0,-15783.0,80
2,10.0,234.0,-11889.0,80
2,11.0,82.0,-15280.0,80
2,10.0,234.0,-11928.0,80
2,11.0,82.0,-15092.0,80
2,10.0,234.0,-11729.0,80
2,11.0,82.0,-15207.0,80
2,10.0,234.0,-11772.0,80
2,11.0,83.0,-15134.0,80
2,10.0,234.0,-11754.0,80
2,11.0,82.0,-15236.0,80
2,10.0,234.0,-11790.0,80
2,11.0,82.0,-15145.0,80
2,10.0,234.0,-11993.0,80
2,11.0,82.0,-15146.0,80
2,10.0,233.0,-11876.0,80
2,11.0,82.0,-15179.0,80
2,10.0,234.0,-11830.0,80
2,11.0,82.0,-15151.0,80
2,10.0,234.0,-11730.0,80
2,11.0,82.0,-15108.0,80
2,10.0,234.0,-11856.0,80
2,11.0,82.0,-15160.0,80
2,10.0,234.0,-11888.0,80
2,11.0,82.0,-15347.0,80
2,10.0,235.0,-11656.0,80
2,11.0,83.0,-15296.0,80
2,10.0,234.0,-11763.0,80
2,11.0,82.0,-15239.0,80
2,10.0,234.0,-11887.0,80
2,11.0,82.0,-15203.0,80
2,10.0,234.0,-12032.0,80
2,11.0,82.0,-15109.0,80
2,10.0,234.0,-11980.0,80
2,11.0,82.0,-15300.0,80
2,10.0,233.0,-12009.0,80
2,11.0,82.0,-15175.0,80
2,10.0,234.0,-11650.0,80
2,11.0,82.0,-15174.0,80
2,10.0,234.0,-11889.0,80
2,11.0,82.0,-15257.0,80
2,10.0,234.0,-11693.0,80
2,11.0,82.0,-15193.0,80
2,10.0,234.0,-11654.0,80
2,11.0,82.0,-15121.0,80
2,10.0,235.0,-11723.0,80
2,11.0,82.0,-15369.0,80
2,10.0,234.0,-11593.0,80
2,11.0,82.0,-15168.0,80
2,10.0,234.0,-11686.0,80
2,11.0,82.0,-15217.0,80
2,10.0,233.0,-11858.0,80
2,11.0,82.0,-15203.0,80
2,10.0,233.0,-11537.0,80
2,11.0,82.0,-15121.0,80
2,10.0,233.0,-11760.0,80
2,11.0,82.0,-15049.0,80
2,10.0,234.0,-11855.0,80
2,11.0,82.0,-15088.0,80
2,10.0,234.0,-12067.0,80
2,11.0,82.0,-15301.0,80
2,10.0,233.0,-12346.0,80
2,11.0,82.0,-15328.0,80
2,10.0,234.0,-11719.0,80
2,11.0,82.0,-15132.0,80
2,10.0,233.0,-12133.0,80
2,11.0,82.0,-15168.0,80
2,10.0,234.0,-11609.0,80
2,11.0,82.0,-15144.0,80
2,10.0,233.0,-11713.0,80
2,11.0,82.0,-15160.0,80
2,10.0,234.0,-12127.0,80
2,11.0,82.0,-15160.0,80
2,10.0,233.0,-11786.0,80
2,11.0,82.0,-15361.0,80
2,10.0,233.0,-11913.0,80
2,11.0,82.0,-15187.0,80
2,10.0,234.0,-12052.0,80
2,11.0,82.0,-15132.0,80
2,10.0,233.0,-11838.0,80
2,11.0,82.0,-15269.0,80
2,10.0,234.0,-12111.0,80
2,11.0,82.0,-15367.0,80
2,10.0,233.0,-11957.0,80
2,11.0,82.0,-15280.0,80
2,10.0,234.0,-11795.0,80
2,11.0,82.0,-15208.0,80
2,10.0,234.0,-11720.0,80
2,11.0,82.0,-15260.0,80
2,10.0,234.0,-11688.0,80
2,11.0,82.0,-15227.0,80
2,10.0,234.0,-11729.0,80
2,11.0,82.0,-15275.0,80
2,10.0,235.0,-11636.0,80
2,11.0,82.0,-15092.0,80
2,10.0,234.0,-11773.0,80
2,11.0,82.0,-15268.0,80
2,10.0,233.0,-11775.0,80
2,11.0,82.0,-15132.0,80
2,10.0,234.0,-11784.0,80
2,11.0,82.0,-15194.0,80
2,10.0,234.0,-11946.0,80
2,11.0,82.0,-15169.0,80
2,10.0,234.0,-11777.0,80
2,11.0,82.0,-15108.0,80
2,10.0,234.0,-11966.0,80
2,11.0,82.0,-15333.0,80
2,10.0,234.0,-11818.0,80
2,11.0,82.0,-15298.0,80
2,10.0,233.0,-11552.0,80
2,11.0,82.0,-15039.0,80
2,10.0,234.0,-11703.0,80
2,11.0,82.0,-15119.0,80
2,10.0,234.0,-11685.0,80
2,11.0,82.0,-15144.0,80
2,10.0,234.0,-11663.0,80
2,11.0,82.0,-15227.0,80
2,10.0,234.0,-11803.0,80
2,11.0,82.0,-15238.0,80
2,10.0,234.0,-11565.0,80
2,11.0,82.0,-15077.0,80
2,10.0,233.0,-11748.0,80
2,11.0,82.0,-15145.0,80
2,10.0,233.0,-11643.0,80
2,11.0,82.0,-15134.0,80
2,10.0,233.0,-11945.0,80
2,11.0,82.0,-15144.0,80
2,10.0,234.0,-12099.0,80
2,11.0,82.0,-15245.0,80
2,10.0,234.0,-11757.0,80
2,11.0,82.0,-15147.0,80
2,10.0,234.0,-11800.0,80
2,11.0,82.0,-15146.0,80
2,10.0,234.0,-11748.0,80
2,11.0,82.0,-15223.0,80
2,10.0,234.0,-11974.0,80
2,11.0,82.0,-15105.0,80
2,10.0,234.0,-11753.0,80
2,11.0,82.0,-15139.0,80
2,10.0,234.0,-12021.0,80
2,11.0,82.0,-15163.0,80
2,10.0,235.0,-12001.0,80
2,11.0,83.0,-15368.0,80
2,10.0,233.0,-11900.0,80
2,11.0,82.0,-15200.0,80
2,10.0,234.0,-11922.0,80
2,11.0,82.0,-15242.0,80
2,10.0,234.0,-11680.0,80
2,11.0,82.0,-15217.0,80
2,10.0,233.0,-11663.0,80
2,11.0,82.0,-15236.0,80
2,10.0,234.0,-11891.0,80
2,11.0,82.0,-15112.0,80
2,10.0,233.0,-11921.0,80
2,11.0,82.0,-15252.0,80
2,10.0,234.0,-11839.0,80
2,11.0,82.0,-15246.0,80
2,10.0,235.0,-11932.0,80
2,11.0,82.0,-15172.0,80
2,10.0,234.0,-11518.0,80
2,11.0,82.0,-15247.0,80
2,10.0,234.0,-11685.0,80
2,11.0,82.0,-15226.0,80
2,10.0,234.0,-11780.0,80
2,11.0,82.0,-15184.0,80
2,10.0,234.0,-11853.0,80
2,11.0,82.0,-15067.0,80
2,10.0,234.0,-11583.0,80
2,11.0,82.0,-15139.0,80
2,10.0,233.0,-11645.0,80
2,11.0,82.0,-15186.0,80
2,10.0,234.0,-11857.0,80
2,11.0,82.0,-15123.0,80
2,10.0,233.0,-11651.0,80
2,11.0,82.0,-15210.0,80
2,10.0,234.0,-11779.0,80
2,11.0,82.0,-15133.0,80
2,10.0,234.0,-11697.0,80
2,11.0,82.0,-15095.0,80
2,10.0,233.0,-11828.0,80
2,11.0,82.0,-15060.0,80
2,10.0,234.0,-11692.0,80
2,11.0,82.0,-15193.0,80
2,10.0,234.0,-11876.0,80
2,11.0,82.0,-15240.0,80
2,10.0,233.0,-11900.0,80
2,11.0,82.0,-15179.0,80
2,10.0,234.0,-11736.0,80
2,11.0,82.0,-15183.0,80
2,10.0,233.0,-11938.0,80
2,11.0,82.0,-15164.0,80
3,10.0,234.0,-11838.0,80
3,11.0,82.0,-15252.0,80
3,10.0,235.0,-12574.0,80
3,11.0,84.0,-17210.0,80
3,10.0,233.0,-12254.0,80
3,11.0,82.0,-15891.0,80
3,10.0,233.0,-11762.0,80
3,11.0,82.0,-15239.0,80
3,10.0,235.0,-11974.0,80
3,11.0,83.0,-15767.0,80
3,10.0,234.0,-12101.0,80
3,11.0,83.0,-15980.0,80
3,10.0,234.0,-12078.0,80
3,11.0,83.0,-16020.0,80
3,10.0,235.0,-12058.0,80
3,11.0,82.0,-16109.0,80
3,10.0,234.0,-11966.0,80
3,11.0,83.0,-15998.0,80
3,10.0,235.0,-11985.0,80
3,11.0,83.0,-16047.0,80
3,10.0,234.0,-12231.0,80
3,11.0,83.0,-15958.0,80
3,10.0,234.0,-12093.0,80
3,11.0,83.0,-15885.0,80
3,10.0,235.0,-12021.0,80
3,11.0,83.0,-15947.0,80
3,10.0,234.0,-11879.0,80
3,11.0,83.0,-16168.0,80
3,10.0,234.0,-12071.0,80
3,11.0,83.0,-16102.0,80
3,10.0,234.0,-12086.0,80
3,11.0,83.0,-15972.0,80
3,10.0,235.0,-11863.0,80
3,11.0,83.0,-16037.0,80
3,10.0,234.0,-11966.0,80
3,11.0,83.0,-16098.0,80
3,10.0,235.0,-12180.0,80
3,11.0,83.0,-16107.0,80
3,10.0,234.0,-12230.0,80
3,11.0,83.0,-16072.0,80
3,10.0,234.0,-11912.0,80
3,11.0,83.0,-16111.0,80
3,10.0,234.0,-12095.0,80
3,11.0,83.0,-16145.0,80
3,10.0,235.0,-12084.0,80
3,11.0,83.0,-15986.0,80
3,10.0,235.0,-12060.0,80
3,11.0,83.0,-16085.0,80
3,10.0,234.0,-12192.0,80
3,11.0,83.0,-16117.0,80
3,10.0,234.0,-12126.0,80
3,11.0,83.0,-16248.0,80
3,10.0,235.0,-12206.0,80
3,11.0,83.0,-15936.0,80
3,10.0,235.0,-11775.0,80
3,11.0,83.0,-15978.0,80
3,10.0,235.0,-12141.0,80
3,11.0,83.0,-15996.0,80
3,10.0,235.0,-12186.0,80
3,11.0,83.0,-15958.0,80
3,10.0,235.0,-12041.0,80
3,11.0,83.0,-15932.0,80
3,10.0,234.0,-12070.0,80
3,11.0,83.0,-16102.0,80
3,10.0,235.0,-11939.0,80
3,11.0,83.0,-16106.0,80
3,10.0,235.0,-11874.0,80
3,11.0,83.0,-15931.0,80
3,10.0,234.0,-12199.0,80
3,11.0,83.0,-15893.0,80
3,10.0,235.0,-12015.0,80
3,11.0,83.0,-16084.0,80
3,10.0,234.0,-11848.0,80
3,11.0,83.0,-16013.0,80
3,10.0,235.0,-12071.0,80
3,11.0,83.0,-16006.0,80
3,10.0,234.0,-12215.0,80
3,11.0,82.0,-16118.0,80
3,10.0,235.0,-11868.0,80
3,11.0,83.0,-16039.0,80
3,10.0,235.0,-11881.0,80
3,11.0,83.0,-16108.0,80
3,10.0,233.0,-11867.0,80
3,11.0,83.0,-15871.0,80
3,10.0,234.0,-12318.0,80
3,11.0,83.0,-16027.0,80
3,10.0,234.0,-12052.0,80
3,11.0,83.0,-16056.0,80
3,10.0,233.0,-12156.0,80
3,11.0,82.0,-16206.0,80
3,10.0,234.0,-12068.0,80
3,11.0,83.0,-16046.0,80
3,10.0,235.0,-11880.0,80
3,11.0,83.0,-16085.0,80
3,10.0,234.0,-11856.0,80
3,11.0,83.0,-16042.0,80
3,10.0,235.0,-11984.0,80
3,11.0,83.0,-15999.0,80
3,10.0,236.0,-11954.0,80
3,11.0,83.0,-16080.0,80
3,10.0,234.0,-12124.0,80
3,11.0,83.0,-16123.0,80
3,10.0,233.0,-12222.0,80
3,11.0,83.0,-15974.0,80
3,10.0,235.0,-12043.0,80
3,11.0,83.0,-16037.0,80
3,10.0,234.0,-12026.0,80
3,11.0,83.0,-15964.0,80
3,10.0,233.0,-11899.0,80
3,11.0,82.0,-16063.0,80
3,10.0,234.0,-11946.0,80
3,11.0,82.0,-16252.0,80
3,10.0,234.0,-12006.0,80
3,11.0,83.0,-16094.0,80
3,10.0,234.0,-12190.0,80
3,11.0,83.0,-16045.0,80
3,10.0,235.0,-11954.0,80
3,11.0,83.0,-16008.0,80
3,10.0,235.0,-12111.0,80
3,11.0,83.0,-16094.0,80
3,10.0,234.0,-12386.0,80
3,11.0,83.0,-16148.0,80
3,10.0,233.0,-12197.0,80
3,11.0,83.0,-16059.0,80
3,10.0,234.0,-11999.0,80
3,11.0,83.0,-16194.0,80
3,10.0,234.0,-12191.0,80
3,11.0,83.0,-16106.0,80
3,10.0,235.0,-11901.0,80
3,11.0,83.0,-16018.0,80
3,10.0,234.0,-12152.0,80
3,11.0,83.0,-16091.0,80
3,10.0,234.0,-11908.0,80
3,11.0,83.0,-16021.0,80
3,10.0,235.0,-12085.0,80
3,11.0,83.0,-16125.0,80
3,10.0,236.0,-11903.0,80
3,11.0,83.0,-16123.0,80
3,10.0,234.0,-12026.0,80
3,11.0,83.0,-16032.0,80
3,10.0,234.0,-11927.0,80
3,11.0,83.0,-16119.0,80
3,10.0,234.0,-12150.0,80
3,11.0,83.0,-16133.0,80
3,10.0,234.0,-12470.0,80
3,11.0,83.0,-16260.0,80
3,10.0,234.0,-12082.0,80
3,11.0,83.0,-16046.0,80
3,10.0,234.0,-12078.0,80
3,11.0,82.0,-16160.0,80
3,10.0,235.0,-12027.0,80
3,11.0,83.0,-16005.0,80
3,10.0,234.0,-12033.0,80
3,11.0,83.0,-16063.0,80
3,10.0,234.0,-12240.0,80
3,11.0,83.0,-16049.0,80
3,10.0,234.0,-11939.0,80
3,11.0,83.0,-15913.0,80
3,10.0,234.0,-12063.0,80
3,11.0,83.0,-16113.0,80
3,10.0,234.0,-12163.0,80
3,11.0,83.0,-16054.0,80
3,10.0,234.0,-12065.0,80
3,11.0,83.0,-16229.0,80
3,10.0,235.0,-12091.0,80
3,11.0,83.0,-16114.0,80
3,10.0,235.0,-12113.0,80
3,11.0,83.0,-16189.0,80
3,10.0,234.0,-11842.0,80
3,11.0,82.0,-16068.0,80
3,10.0,234.0,-12433.0,80
3,11.0,83.0,-16183.0,80
3,10.0,234.0,-12267.0,80
3,11.0,83.0,-16198.0,80
3,10.0,234.0,-11985.0,80
3,11.0,83.0,-16009.0,80
3,10.0,233.0,-12272.0,80
3,11.0,82.0,-16092.0,80
3,10.0,235.0,-12185.0,80
3,11.0,83.0,-16106.0,80
3,10.0,234.0,-12029.0,80
3,11.0,83.0,-16151.0,80
3,10.0,234.0,-12005.0,80
3,11.0,83.0,-16032.0,80
3,10.0,234.0,-12183.0,80
3,11.0,82.0,-16094.0,80
3,10.0,235.0,-12077.0,80
3,11.0,83.0,-16148.0,80
3,10.0,234.0,-12167.0,80
3,11.0,83.0,-16019.0,80
3,10.0,234.0,-12042.0,80
3,11.0,83.0,-16008.0,80
3,10.0,233.0,-11993.0,80
3,11.0,83.0,-16027.0,80
3,10.0,234.0,-11966.0,80
3,11.0,83.0,-16230.0,80
3,10.0,235.0,-11857.0,80
3,11.0,83.0,-16046.0,80
3,10.0,234.0,-11961.0,80
3,11.0,83.0,-16035.0,80
4,10.0,234.0,-12299.0,80
4,11.0,83.0,-16287.0,80
4,10.0,234.0,-11824.0,80
4,11.0,82.0,-15279.0,80
4,10.0,235.0,-11765.0,80
4,11.0,82.0,-15142.0,80
4,10.0,234.0,-11674.0,80
4,11.0,82.0,-15117.0,80
4,10.0,234.0,-11916.0,80
4,11.0,83.0,-15426.0,80
4,10.0,235.0,-12011.0,80
4,11.0,83.0,-15348.0,80
4,10.0,233.0,-12088.0,80
4,11.0,82.0,-15817.0,80
4,10.0,234.0,-12016.0,80
4,11.0,83.0,-15355.0,80
4,10.0,235.0,-11905.0,80
4,11.0,82.0,-15345.0,80
4,10.0,234.0,-11992.0,80
4,11.0,82.0,-15347.0,80
4,10.0,234.0,-11841.0,80
4,11.0,82.0,-15314.0,80
4,10.0,234.0,-11835.0,80
4,11.0,82.0,-15324.0,80
4,10.0,234.0,-11948.0,80
4,11.0,82.0,-15409.0,80
4,10.0,234.0,-11602.0,80
4,11.0,83.0,-15209.0,80
4,10.0,234.0,-11679.0,80
4,11.0,82.0,-15267.0,80
4,10.0,233.0,-12119.0,80
4,11.0,83.0,-15351.0,80
4,10.0,234.0,-11849.0,80
4,11.0,83.0,-15321.0,80
4,10.0,234.0,-11924.0,80
4,11.0,83.0,-15238.0,80
4,10.0,235.0,-11871.0,80
4,11.0,82.0,-15311.0,80
4,10.0,233.0,-11822.0,80
4,11.0,83.0,-15204.0,80
4,10.0,235.0,-11865.0,80
4,11.0,82.0,-15176.0,80
4,10.0,235.0,-11834.0,80
4,11.0,82.0,-15389.0,80
4,10.0,234.0,-11822.0,80
4,11.0,82.0,-15221.0,80
4,10.0,234.0,-11870.0,80
4,11.0,83.0,-15258.0,80
4,10.0,233.0,-11880.0,80
4,11.0,83.0,-15249.0,80
4,10.0,233.0,-11696.0,80
4,11.0,83.0,-15235.0,80
4,10.0,234.0,-11774.0,80
4,11.0,83.0,-15213.0,80
4,10.0,234.0,-11971.0,80
4,11.0,82.0,-15305.0,80
4,10.0,234.0,-11984.0,80
4,11.0,82.0,-15268.0,80
4,10.0,234.0,-11548.0,80
4,11.0,82.0,-15274.0,80
4,10.0,234.0,-11924.0,80
4,11.0,82.0,-15267.0,80
4,10.0,234.0,-11780.0,80
4,11.0,83.0,-15218.0,80
4,10.0,233.0,-11965.0,80
4,11.0,82.0,-15412.0,80
4,10.0,234.0,-11837.0,80
4,11.0,82.0,-15282.0,80
4,10.0,234.0,-11739.0,80
4,11.0,83.0,-15281.0,80
4,10.0,234.0,-12083.0,80
4,11.0,83.0,-15303.0,80
4,10.0,234.0,-11921.0,80
4,11.0,82.0,-15301.0,80
4,10.0,235.0,-11899.0,80
4,11.0,82.0,-15436.0,80
4,10.0,234.0,-11819.0,80
4,11.0,82.0,-15300.0,80
4,10.0,234.0,-11898.0,80
4,11.0,83.0,-15123.0,80
4,10.0,234.0,-11718.0,80
4,11.0,82.0,-15323.0,80
4,10.0,234.0,-11895.0,80
4,11.0,83.0,-15254.0,80
4,10.0,234.0,-11971.0,80
4,11.0,82.0,-15331.0,80
4,10.0,234.0,-12020.0,80
4,11.0,82.0,-15320.0,80
4,10.0,234.0,-11688.0,80
4,11.0,82.0,-15227.0,80
4,10.0,234.0,-11542.0,80
4,11.0,83.0,-15229.0,80
4,10.0,234.0,-11990.0,80
4,11.0,82.0,-15394.0,80
4,10.0,234.0,-12056.0,80
4,11.0,83.0,-15265.0,80
4,10.0,233.0,-11745.0,80
4,11.0,83.0,-15226.0,80
4,10.0,233.0,-11834.0,80
4,11.0,82.0,-15261.0,80
4,10.0,234.0,-11667.0,80
4,11.0,83.0,-15235.0,80
4,10.0,233.0,-11768.0,80
4,11.0,83.0,-15242.0,80
4,10.0,234.0,-11717.0,80
4,11.0,83.0,-15304.0,80
4,10.0,234.0,-11837.0,80
4,11.0,82.0,-15357.0,80
4,10.0,234.0,-11914.0,80
4,11.0,82.0,-15365.0,80
4,10.0,234.0,-11775.0,80
4,11.0,82.0,-15322.0,80
4,10.0,234.0,-11808.0,80
4,11.0,83.0,-15176.0,80
4,10.0,233.0,-11848.0,80
4,11.0,83.0,-15240.0,80
4,10.0,234.0,-11959.0,80
4,11.0,83.0,-15224.0,80
4,10.0,234.0,-11807.0,80
4,11.0,83.0,-15246.0,80
4,10.0,234.0,-11628.0,80
4,11.0,83.0,-15277.0,80
4,10.0,234.0,-12145.0,80
4,11.0,83.0,-15353.0,80
4,10.0,234.0,-11824.0,80
4,11.0,83.0,-15387.0,80
4,10.0,234.0,-11705.0,80
4,11.0,83.0,-15333.0,80
4,10.0,234.0,-12053.0,80
4,11.0,82.0,-15330.0,80
4,10.0,234.0,-11890.0,80
4,11.0,83.0,-15326.0,80
4,10.0,234.0,-11797.0,80
4,11.0,82.0,-15309.0,80
4,10.0,234.0,-11826.0,80
4,11.0,83.0,-15233.0,80
4,10.0,234.0,-12105.0,80
4,11.0,82.0,-15268.0,80
4,10.0,234.0,-11838.0,80
4,11.0,82.0,-15348.0,80
4,10.0,234.0,-11690.0,80
4,11.0,83.0,-15178.0,80
4,10.0,234.0,-12215.0,80
4,11.0,83.0,-15233.0,80
4,10.0,233.0,-12243.0,80
4,11.0,83.0,-15223.0,80
4,10.0,234.0,-11876.0,80
4,11.0,82.0,-15212.0,80
4,10.0,234.0,-11654.0,80
4,11.0,83.0,-15203.0,80
4,10.0,234.0,-11742.0,80
4,11.0,82.0,-15300.0,80
4,10.0,234.0,-11784.0,80
4,11.0,83.0,-15258.0,80
4,10.0,233.0,-11804.0,80
4,11.0,82.0,-15372.0,80
4,10.0,234.0,-12052.0,80
4,11.0,82.0,-15367.0,80
4,10.0,234.0,-12005.0,80
4,11.0,83.0,-15273.0,80
4,10.0,234.0,-11770.0,80
4,11.0,83.0,-15297.0,80
4,10.0,234.0,-12002.0,80
4,11.0,82.0,-15472.0,80
4,10.0,234.0,-11678.0,80
4,11.0,83.0,-15254.0,80
4,10.0,235.0,-11977.0,80
4,11.0,82.0,-15379.0,80
4,10.0,233.0,-11953.0,80
4,11.0,83.0,-15343.0,80
4,10.0,235.0,-11911.0,80
4,11.0,83.0,-15188.0,80
4,10.0,235.0,-11985.0,80
4,11.0,82.0,-15329.0,80
4,10.0,234.0,-11797.0,80
4,11.0,83.0,-15264.0,80
4,10.0,234.0,-12037.0,80
4,11.0,82.0,-15302.0,80
4,10.0,234.0,-12009.0,80
4,11.0,82.0,-15476.0,80
4,10.0,234.0,-11752.0,80
4,11.0,82.0,-15259.0,80
4,10.0,233.0,-11963.0,80
4,11.0,83.0,-15276.0,80
4,10.0,234.0,-11772.0,80
4,11.0,83.0,-15250.0,80
4,10.0,233.0,-11745.0,80
4,11.0,82.0,-15360.0,80
4,10.0,234.0,-11841.0,80
4,11.0,83.0,-15305.0,80
4,10.0,233.0,-11893.0,80
4,11.0,83.0,-15151.0,80
4,10.0,234.0,-11931.0,80
4,11.0,83.0,-15244.0,80
4,10.0,233.0,-11828.0,80
4,11.0,83.0,-15245.0,80
4,10.0,234.0,-11920.0,80
4,11.0,82.0,-15408.0,80
4,10.0,234.0,-12031.0,80
4,11.0,83.0,-15284.0,80
0,10.0,223.0,-11709.0,70
0,11.0,74.0,-15719.0,70
0,12.0,150.0,-29103.0,70
0,10.0,224.0,-11588.0,70
0,11.0,73.0,-15777.0,70
0,12.0,282.0,-22152.0,70
0,10.0,224.0,-11608.0,70
0,11.0,74.0,-15746.0,70
0,10.0,222.0,-11746.0,70
0,11.0,73.0,-15712.0,70
0,10.0,224.0,-11916.0,70
0,11.0,73.0,-15743.0,70
0,10.0,223.0,-11666.0,70
0,11.0,73.0,-15842.0,70
0,10.0,224.0,-11785.0,70
0,11.0,74.0,-15763.0,70
0,10.0,223.0,-11828.0,70
0,11.0,73.0,-15746.0,70
0,10.0,223.0,-11993.0,70
0,11.0,73.0,-15819.0,70
0,10.0,223.0,-11697.0,70
0,11.0,74.0,-15837.0,70
0,10.0,223.0,-11703.0,70
0,11.0,73.0,-15810.0,70
0,10.0,223.0,-11861.0,70
0,11.0,73.0,-15736.0,70
0,10.0,222.0,-11991.0,70
0,11.0,74.0,-15745.0,70
0,10.0,223.0,-11749.0,70
0,11.0,73.0,-15652.0,70
0,12.0,149.0,-29306.0,70
0,10.0,224.0,-11820.0,70
0,11.0,74.0,-15740.0,70
0,10.0,223.0,-11907.0,70
0,11.0,74.0,-15776.0,70
0,10.0,223.0,-11997.0,70
0,11.0,73.0,-15838.0,70
0,12.0,281.0,-22037.0,70
0,10.0,223.0,-11936.0,70
0,11.0,73.0,-15758.0,70
0,10.0,223.0,-11748.0,70
0,11.0,74.0,-15663.0,70
0,10.0,224.0,-11704.0,70
0,11.0,73.0,-15743.0,70
0,10.0,224.0,-11955.0,70
0,11.0,74.0,-15830.0,70
0,10.0,223.0,-11881.0,70
0,11.0,74.0,-15693.0,70
0,10.0,223.0,-11965.0,70
0,11.0,74.0,-15740.0,70
0,10.0,223.0,-11781.0,70
0,11.0,73.0,-15717.0,70
0,10.0,223.0,-11739.0,70
0,11.0,74.0,-15690.0,70
0,10.0,223.0,-11917.0,70
0,11.0,73.0,-15821.0,70
0,10.0,224.0,-11807.0,70
0,11.0,73.0,-15779.0,70
0,10.0,224.0,-11857.0,70
0,11.0,73.0,-15737.0,70
0,10.0,223.0,-11874.0,70
0,11.0,73.0,-15659.0,70
0,10.0,223.0,-11850.0,70
0,11.0,73.0,-15725.0,70
0,10.0,224.0,-11816.0,70
0,11.0,74.0,-15702.0,70
0,10.0,224.0,-11743.0,70
0,11.0,73.0,-15784.0,70
0,10.0,223.0,-11861.0,70
0,11.0,74.0,-15782.0,70
0,10.0,224.0,-11810.0,70
0,11.0,73.0,-15788.0,70
0,10.0,223.0,-11693.0,70
0,11.0,73.0,-15872.0,70
0,10.0,223.0,-11681.0,70
0,11.0,74.0,-15621.0,70
0,10.0,224.0,-11741.0,70
0,11.0,73.0,-15689.0,70
0,12.0,151.0,-29320.0,70
0,10.0,223.0,-11905.0,70
0,11.0,73.0,-15768.0,70
0,10.0,224.0,-11809.0,70
0,11.0,74.0,-15683.0,70
0,10.0,224.0,-11747.0,70
0,11.0,74.0,-15769.0,70
0,10.0,224.0,-11890.0,70
0,11.0,74.0,-15650.0,70
0,10.0,223.0,-11832.0,70
0,11.0,73.0,-15783.0,70
0,10.0,223.0,-12059.0,70
0,11.0,74.0,-15879.0,70
0,10.0,223.0,-11923.0,70
0,11.0,73.0,-15786.0,70
0,10.0,224.0,-11759.0,70
0,11.0,74.0,-15730.0,70
0,10.0,223.0,-11745.0,70
0,11.0,73.0,-15838.0,70
0,12.0,286.0,-22099.0,70
0,10.0,224.0,-11690.0,70
0,11.0,73.0,-15670.0,70
0,10.0,224.0,-11989.0,70
0,11.0,73.0,-15758.0,70
0,10.0,223.0,-11840.0,70
0,11.0,74.0,-15690.0,70
0,10.0,223.0,-11739.0,70
0,11.0,73.0,-15680.0,70
0,12.0,280.0,-21462.0,70
0,10.0,223.0,-11821.0,70
0,11.0,73.0,-15735.0,70
0,10.0,223.0,-11991.0,70
0,11.0,74.0,-15768.0,70
0,10.0,223.0,-11832.0,70
0,11.0,74.0,-15580.0,70
0,12.0,287.0,-21762.0,70
0,10.0,223.0,-11803.0,70
0,11.0,74.0,-15750.0,70
0,12.0,286.0,-22001.0,70
0,10.0,223.0,-11828.0,70
0,11.0,74.0,-15729.0,70
0,10.0,222.0,-11829.0,70
0,11.0,73.0,-15790.0,70
0,10.0,223.0,-11708.0,70
0,11.0,73.0,-15743.0,70
0,12.0,152.0,-29294.0,70
0,10.0,224.0,-11765.0,70
0,11.0,74.0,-15692.0,70
0,10.0,224.0,-11571.0,70
0,11.0,73.0,-15760.0,70
0,12.0,285.0,-21891.0,70
0,10.0,223.0,-11798.0,70
0,11.0,74.0,-15787.0,70
0,10.0,223.0,-11843.0,70
0,11.0,74.0,-15625.0,70
0,12.0,150.0,-29067.0,70
0,10.0,224.0,-11998.0,70
0,11.0,73.0,-15800.0,70
0,12.0,277.0,-22348.0,70
0,10.0,224.0,-11886.0,70
0,11.0,73.0,-15694.0,70
0,10.0,223.0,-11801.0,70
0,11.0,73.0,-15744.0,70
0,10.0,223.0,-11670.0,70
0,11.0,73.0,-15724.0,70
0,10.0,223.0,-11932.0,70
0,11.0,74.0,-15690.0,70
0,10.0,224.0,-11750.0,70
0,11.0,74.0,-15667.0,70
0,10.0,223.0,-11857.0,70
0,11.0,73.0,-15760.0,70
0,12.0,282.0,-22019.0,70
0,10.0,223.0,-11886.0,70
0,11.0,73.0,-15742.0,70
0,10.0,223.0,-11819.0,70
0,11.0,73.0,-15704.0,70
0,10.0,222.0,-11684.0,70
0,11.0,73.0,-15736.0,70
0,10.0,223.0,-11785.0,70
0,11.0,74.0,-15604.0,70
0,10.0,223.0,-11941.0,70
0,11.0,73.0,-15750.0,70
0,10.0,223.0,-11667.0,70
0,11.0,73.0,-15723.0,70
0,10.0,223.0,-11871.0,70
0,11.0,74.0,-15775.0,70
0,12.0,281.0,-21319.0,70
0,10.0,223.0,-11753.0,70
0,11.0,73.0,-15812.0,70
0,10.0,223.0,-11950.0,70
0,11.0,73.0,-15732.0,70
0,10.0,224.0,-11833.0,70
0,11.0,73.0,-15735.0,70
0,10.0,223.0,-11884.0,70
0,11.0,74.0,-15723.0,70
0,12.0,284.0,-21443.0,70
0,10.0,224.0,-11853.0,70
0,11.0,74.0,-15694.0,70
0,10.0,224.0,-11680.0,70
0,11.0,73.0,-15745.0,70
0,12.0,284.0,-21802.0,70
0,10.0,223.0,-11734.0,70
0,11.0,73.0,-15725.0,70
0,10.0,223.0,-11891.0,70
0,11.0,73.0,-15744.0,70
0,12.0,283.0,-21861.0,70
0,10.0,222.0,-11893.0,70
0,11.0,73.0,-15792.0,70
0,10.0,224.0,-11565.0,70
0,11.0,73.0,-15703.0,70
0,10.0,224.0,-11785.0,70
0,11.0,73.0,-15763.0,70
0,10.0,224.0,-11780.0,70
0,11.0,73.0,-15784.0,70
0,10.0,223.0,-11729.0,70
0,11.0,73.0,-15768.0,70
0,10.0,222.0,-11782.0,70
0,11.0,74.0,-15747.0,70
0,10.0,224.0,-11735.0,70
0,11.0,74.0,-15672.0,70
0,10.0,223.0,-11883.0,70
0,11.0,74.0,-15734.0,70
1,10.0,225.0,-11823.0,70
1,11.0,73.0,-15756.0,70
1,12.0,149.0,-29714.0,70
1,10.0,224.0,-12869.0,70
1,11.0,73.0,-18787.0,70
1,10.0,222.0,-12231.0,70
1,11.0,73.0,-16006.0,70
1,10.0,223.0,-11994.0,70
1,11.0,73.0,-15847.0,70
1,10.0,224.0,-11722.0,70
1,11.0,73.0,-15654.0,70
1,10.0,223.0,-11746.0,70
1,11.0,74.0,-15757.0,70
1,10.0,223.0,-11678.0,70
1,11.0,74.0,-15713.0,70
1,12.0,283.0,-21454.0,70
1,10.0,223.0,-11739.0,70
1,11.0,73.0,-15809.0,70
1,12.0,278.0,-21479.0,70
1,10.0,224.0,-11785.0,70
1,11.0,74.0,-15741.0,70
1,10.0,224.0,-11737.0,70
1,11.0,74.0,-15658.0,70
1,10.0,222.0,-11952.0,70
1,11.0,73.0,-15779.0,70
1,12.0,151.0,-29580.0,70
1,10.0,224.0,-11691.0,70
1,11.0,73.0,-15770.0,70
1,10.0,223.0,-11844.0,70
1,11.0,74.0,-15719.0,70
1,10.0,224.0,-11956.0,70
1,11.0,73.0,-15820.0,70
1,12.0,150.0,-29657.0,70
1,10.0,224.0,-11693.0,70
1,11.0,73.0,-15720.0,70
1,12.0,279.0,-22533.0,70
1,10.0,224.0,-11779.0,70
1,11.0,73.0,-15783.0,70
1,12.0,284.0,-22190.0,70
1,10.0,223.0,-11864.0,70
1,11.0,74.0,-15721.0,70
1,10.0,223.0,-11906.0,70
1,11.0,73.0,-15846.0,70
1,10.0,223.0,-11854.0,70
1,11.0,73.0,-15834.0,70
1,10.0,224.0,-11790.0,70
1,11.0,73.0,-15712.0,70
1,12.0,284.0,-21221.0,70
1,10.0,223.0,-11772.0,70
1,11.0,74.0,-15775.0,70
1,10.0,223.0,-11766.0,70
1,11.0,73.0,-15840.0,70
1,10.0,223.0,-11800.0,70
1,11.0,73.0,-15817.0,70
1,10.0,222.0,-11904.0,70
1,11.0,73.0,-15833.0,70
1,10.0,223.0,-11532.0,70
1,11.0,73.0,-15852.0,70
1,12.0,274.0,-22308.0,70
1,10.0,223.0,-11827.0,70
1,11.0,73.0,-15745.0,70
1,10.0,224.0,-12035.0,70
1,11.0,73.0,-15891.0,70
1,10.0,223.0,-11737.0,70
1,11.0,73.0,-15757.0,70
1,10.0,223.0,-11956.0,70
1,11.0,73.0,-15908.0,70
1,10.0,223.0,-11801.0,70
1,11.0,73.0,-15792.0,70
1,10.0,223.0,-11691.0,70
1,11.0,74.0,-15689.0,70
1,12.0,285.0,-21538.0,70
1,10.0,223.0,-11641.0,70
1,11.0,74.0,-15745.0,70
1,10.0,224.0,-11667.0,70
1,11.0,73.0,-15747.0,70
1,12.0,282.0,-21606.0,70
1,13.0,151.0,-28939.0,70
1,10.0,223.0,-11884.0,70
1,11.0,73.0,-15749.0,70
1,10.0,224.0,-11919.0,70
1,11.0,73.0,-15845.0,70
1,12.0,282.0,-22171.0,70
1,10.0,223.0,-11811.0,70
1,11.0,73.0,-15724.0,70
1,10.0,223.0,-11914.0,70
1,11.0,73.0,-15763.0,70
1,12.0,287.0,-22178.0,70
1,10.0,224.0,-11701.0,70
1,11.0,73.0,-15796.0,70
1,10.0,223.0,-11796.0,70
1,11.0,74.0,-15895.0,70
1,10.0,223.0,-11869.0,70
1,11.0,74.0,-15729.0,70
1,10.0,223.0,-11726.0,70
1,11.0,73.0,-15824.0,70
1,10.0,223.0,-11918.0,70
1,11.0,73.0,-15781.0,70
1,10.0,223.0,-11854.0,70
1,11.0,73.0,-15819.0,70
1,12.0,151.0,-29535.0,70
1,10.0,223.0,-11917.0,70
1,11.0,73.0,-15749.0,70
1,10.0,223.0,-11638.0,70
1,11.0,73.0,-15837.0,70
1,10.0,223.0,-11897.0,70
1,11.0,73.0,-15755.0,70
1,10.0,223.0,-11979.0,70
1,11.0,73.0,-15795.0,70
1,12.0,150.0,-29460.0,70
1,10.0,223.0,-11833.0,70
1,11.0,73.0,-15688.0,70
1,10.0,223.0,-11958.0,70
1,11.0,73.0,-15757.0,70
1,10.0,224.0,-11853.0,70
1,11.0,74.0,-15724.0,70
1,10.0,224.0,-11821.0,70
1,11.0,73.0,-15776.0,70
1,10.0,223.0,-11877.0,70
1,11.0,73.0,-15835.0,70
1,10.0,224.0,-11983.0,70
1,11.0,74.0,-15785.0,70
1,10.0,223.0,-11842.0,70
1,11.0,74.0,-15834.0,70
1,12.0,272.0,-22343.0,70
1,10.0,223.0,-11640.0,70
1,11.0,73.0,-15788.0,70
1,10.0,223.0,-11690.0,70
1,11.0,73.0,-15671.0,70
1,10.0,222.0,-11726.0,70
1,11.0,73.0,-15729.0,70
1,10.0,223.0,-11846.0,70
1,11.0,74.0,-15693.0,70
1,12.0,152.0,-28809.0,70
1,10.0,224.0,-11753.0,70
1,11.0,74.0,-15687.0,70
1,12.0,150.0,-29510.0,70
1,10.0,224.0,-11863.0,70
1,11.0,73.0,-15754.0,70
1,10.0,223.0,-11787.0,70
1,11.0,73.0,-15751.0,70
1,10.0,224.0,-11797.0,70
1,11.0,73.0,-15783.0,70
1,10.0,224.0,-11813.0,70
1,11.0,73.0,-15729.0,70
1,10.0,224.0,-11908.0,70
1,11.0,73.0,-15825.0,70
1,10.0,225.0,-11734.0,70
1,11.0,73.0,-15743.0,70
1,10.0,223.0,-11702.0,70
1,11.0,73.0,-15748.0,70
1,10.0,223.0,-11686.0,70
1,11.0,73.0,-15794.0,70
1,10.0,224.0,-11899.0,70
1,11.0,73.0,-15814.0,70
1,12.0,286.0,-22264.0,70
1,10.0,223.0,-12008.0,70
1,11.0,73.0,-15761.0,70
1,12.0,150.0,-29699.0,70
1,10.0,223.0,-11937.0,70
1,11.0,73.0,-15670.0,70
1,10.0,224.0,-11629.0,70
1,11.0,73.0,-15659.0,70
1,12.0,286.0,-22558.0,70
1,10.0,224.0,-11732.0,70
1,11.0,73.0,-15766.0,70
1,10.0,224.0,-11863.0,70
1,11.0,73.0,-15904.0,70
1,12.0,283.0,-21871.0,70
1,10.0,224.0,-11660.0,70
1,11.0,74.0,-15696.0,70
1,10.0,224.0,-11760.0,70
1,11.0,73.0,-15716.0,70
1,12.0,280.0,-22533.0,70
1,10.0,224.0,-11791.0,70
1,11.0,73.0,-15734.0,70
1,12.0,285.0,-21652.0,70
1,10.0,223.0,-11774.0,70
1,11.0,73.0,-15676.0,70
1,12.0,150.0,-29054.0,70
1,10.0,224.0,-11703.0,70
1,11.0,73.0,-15818.0,70
1,12.0,150.0,-29585.0,70
1,10.0,224.0,-11952.0,70
1,11.0,73.0,-15872.0,70
1,12.0,281.0,-21822.0,70
1,10.0,224.0,-11908.0,70
1,11.0,73.0,-15914.0,70
1,10.0,223.0,-11701.0,70
1,11.0,73.0,-15718.0,70
1,10.0,223.0,-12083.0,70
1,11.0,73.0,-15811.0,70
1,10.0,223.0,-11679.0,70
1,11.0,73.0,-15690.0,70
1,10.0,224.0,-11913.0,70
1,11.0,74.0,-15731.0,70
1,10.0,224.0,-11843.0,70
1,11.0,73.0,-15746.0,70
1,10.0,223.0,-11867.0,70
1,11.0,73.0,-15828.0,70
2,10.0,223.0,-11907.0,70
2,11.0,73.0,-15771.0,70
2,10.0,223.0,-12002.0,70
2,11.0,73.0,-15791.0,70
2,10.0,223.0,-11712.0,70
2,11.0,73.0,-15690.0,70
2,10.0,223.0,-11815.0,70
2,11.0,73.0,-15678.0,70
2,12.0,283.0,-21419.0,70
2,10.0,224.0,-11896.0,70
2,11.0,73.0,-15788.0,70
2,10.0,224.0,-11780.0,70
2,11.0,73.0,-15836.0,70
2,12.0,152.0,-29109.0,70
2,10.0,223.0,-11829.0,70
2,11.0,74.0,-15828.0,70
2,12.0,285.0,-21085.0,70
2,10.0,224.0,-11994.0,70
2,11.0,73.0,-15748.0,70
2,10.0,224.0,-11858.0,70
2,11.0,74.0,-15707.0,70
2,10.0,224.0,-11844.0,70
2,11.0,73.0,-15745.0,70
2,12.0,276.0,-22466.0,70
2,13.0,151.0,-29156.0,70
2,10.0,223.0,-11964.0,70
2,11.0,74.0,-15681.0,70
2,10.0,224.0,-11885.0,70
2,11.0,73.0,-15766.0,70
2,12.0,150.0,-29480.0,70
2,10.0,223.0,-11845.0,70
2,11.0,73.0,-15792.0,70
2,10.0,224.0,-11848.0,70
2,11.0,73.0,-15806.0,70
2,10.0,223.0,-11707.0,70
2,11.0,73.0,-15724.0,70
2,12.0,279.0,-22806.0,70
2,10.0,223.0,-11802.0,70
2,11.0,73.0,-15821.0,70
2,10.0,223.0,-11895.0,70
2,11.0,73.0,-15795.0,70
2,10.0,224.0,-11840.0,70
2,11.0,73.0,-15806.0,70
2,10.0,223.0,-11588.0,70
2,11.0,73.0,-15735.0,70
2,10.0,224.0,-11743.0,70
2,11.0,73.0,-15720.0,70
2,10.0,223.0,-11850.0,70
2,11.0,73.0,-15755.0,70
2,10.0,223.0,-11892.0,70
2,11.0,73.0,-15746.0,70
2,10.0,223.0,-11873.0,70
2,11.0,73.0,-15819.0,70
2,10.0,224.0,-11921.0,70
2,11.0,73.0,-15780.0,70
2,10.0,224.0,-11931.0,70
2,11.0,73.0,-15782.0,70
2,10.0,223.0,-11967.0,70
2,11.0,73.0,-15631.0,70
2,10.0,224.0,-11685.0,70
2,11.0,73.0,-15689.0,70
2,10.0,223.0,-11697.0,70
2,11.0,73.0,-15750.0,70
2,10.0,223.0,-11895.0,70
2,11.0,73.0,-15828.0,70
2,10.0,223.0,-11943.0,70
2,11.0,73.0,-15698.0,70
2,10.0,224.0,-11665.0,70
2,11.0,74.0,-15709.0,70
2,10.0,224.0,-11732.0,70
2,11.0,73.0,-15763.0,70
2,10.0,223.0,-11949.0,70
2,11.0,73.0,-15839.0,70
2,10.0,223.0,-11819.0,70
2,11.0,73.0,-15755.0,70
2,10.0,224.0,-11882.0,70
2,11.0,74.0,-15650.0,70
2,10.0,223.0,-11704.0,70
2,11.0,73.0,-15717.0,70
2,12.0,151.0,-29698.0,70
2,10.0,223.0,-11894.0,70
2,11.0,73.0,-15853.0,70
2,10.0,224.0,-11937.0,70
2,11.0,73.0,-15872.0,70
2,10.0,223.0,-11517.0,70
2,11.0,73.0,-15722.0,70
2,10.0,223.0,-11770.0,70
2,11.0,74.0,-15677.0,70
2,10.0,223.0,-11843.0,70
2,11.0,73.0,-15769.0,70
2,12.0,282.0,-22538.0,70
2,10.0,223.0,-11888.0,70
2,11.0,74.0,-15769.0,70
2,10.0,223.0,-11975.0,70
2,11.0,73.0,-15748.0,70
2,10.0,223.0,-11771.0,70
2,11.0,73.0,-15671.0,70
2,12.0,151.0,-29571.0,70
2,10.0,223.0,-11759.0,70
2,11.0,73.0,-15747.0,70
2,10.0,223.0,-11701.0,70
2,11.0,73.0,-15724.0,70
2,10.0,224.0,-11856.0,70
2,11.0,73.0,-15757.0,70
2,12.0,280.0,-21548.0,70
2,13.0,151.0,-29392.0,70
2,10.0,223.0,-11912.0,70
2,11.0,73.0,-15817.0,70
2,10.0,223.0,-11894.0,70
2,11.0,73.0,-15743.0,70
2,10.0,223.0,-11676.0,70
2,11.0,73.0,-15684.0,70
2,12.0,282.0,-21960.0,70
2,10.0,224.0,-11637.0,70
2,11.0,74.0,-15792.0,70
2,12.0,279.0,-22345.0,70
2,10.0,224.0,-11721.0,70
2,11.0,74.0,-15699.0,70
2,10.0,223.0,-11822.0,70
2,11.0,73.0,-15747.0,70
2,10.0,223.0,-11781.0,70
2,11.0,73.0,-15745.0,70
2,10.0,223.0,-11792.0,70
2,11.0,74.0,-15772.0,70
2,10.0,223.0,-11728.0,70
2,11.0,73.0,-15803.0,70
2,12.0,284.0,-20890.0,70
2,10.0,223.0,-11727.0,70
2,11.0,73.0,-15829.0,70
2,10.0,224.0,-11765.0,70
2,11.0,73.0,-15790.0,70
2,10.0,224.0,-11913.0,70
2,11.0,74.0,-15731.0,70
2,10.0,223.0,-11666.0,70
2,11.0,73.0,-15727.0,70
2,10.0,223.0,-11866.0,70
2,11.0,73.0,-15805.0,70
2,10.0,224.0,-11810.0,70
2,11.0,73.0,-15901.0,70
2,10.0,223.0,-11772.0,70
2,11.0,73.0,-15738.0,70
2,10.0,224.0,-11929.0,70
2,11.0,74.0,-15610.0,70
2,12.0,284.0,-21998.0,70
2,10.0,224.0,-11751.0,70
2,11.0,73.0,-15845.0,70
2,10.0,224.0,-11751.0,70
2,11.0,73.0,-15744.0,70
2,10.0,224.0,-11899.0,70
2,11.0,73.0,-15825.0,70
2,10.0,223.0,-11949.0,70
2,11.0,73.0,-15777.0,70
2,10.0,224.0,-11879.0,70
2,11.0,73.0,-15864.0,70
2,10.0,224.0,-11536.0,70
2,11.0,73.0,-15740.0,70
2,10.0,224.0,-11844.0,70
2,11.0,73.0,-15764.0,70
2,10.0,224.0,-12003.0,70
2,11.0,73.0,-15893.0,70
2,10.0,224.0,-11819.0,70
2,11.0,73.0,-15760.0,70
2,10.0,223.0,-11698.0,70
2,11.0,74.0,-15737.0,70
2,10.0,224.0,-11829.0,70
2,11.0,74.0,-15755.0,70
2,12.0,284.0,-21352.0,70
2,10.0,222.0,-11969.0,70
2,11.0,74.0,-15705.0,70
2,10.0,224.0,-11808.0,70
2,11.0,73.0,-15676.0,70
2,10.0,223.0,-11607.0,70
2,11.0,74.0,-15694.0,70
2,10.0,223.0,-11752.0,70
2,11.0,73.0,-15715.0,70
2,10.0,224.0,-11734.0,70
2,11.0,73.0,-15704.0,70
2,10.0,223.0,-11811.0,70
2,11.0,73.0,-15844.0,70
2,10.0,223.0,-11577.0,70
2,11.0,73.0,-15717.0,70
2,10.0,224.0,-11658.0,70
2,11.0,73.0,-15747.0,70
2,12.0,279.0,-22376.0,70
2,10.0,224.0,-11903.0,70
2,11.0,73.0,-15893.0,70
2,10.0,223.0,-11975.0,70
2,11.0,73.0,-15753.0,70
2,10.0,224.0,-11649.0,70
2,11.0,74.0,-15753.0,70
2,10.0,224.0,-11953.0,70
2,11.0,73.0,-15791.0,70
2,10.0,224.0,-11802.0,70
2,11.0,73.0,-15804.0,70
2,10.0,223.0,-11867.0,70
2,11.0,73.0,-15721.0,70
2,10.0,223.0,-11844.0,70
2,11.0,73.0,-15796.0,70
2,10.0,224.0,-11920.0,70
2,11.0,73.0,-15750.0,70
3,10.0,223.0,-11821.0,70
3,11.0,74.0,-15755.0,70
3,12.0,276.0,-22389.0,70
3,10.0,223.0,-11986.0,70
3,11.0,73.0,-15718.0,70
3,10.0,223.0,-11719.0,70
3,11.0,74.0,-15796.0,70
3,10.0,223.0,-11953.0,70
3,11.0,73.0,-15822.0,70
3,10.0,224.0,-11929.0,70
3,11.0,73.0,-15820.0,70
3,10.0,224.0,-11784.0,70
3,11.0,73.0,-15683.0,70
3,12.0,152.0,-29606.0,70
3,10.0,223.0,-11845.0,70
3,11.0,73.0,-15724.0,70
3,10.0,223.0,-11806.0,70
3,11.0,73.0,-15756.0,70
3,10.0,223.0,-11974.0,70
3,11.0,73.0,-15693.0,70
3,10.0,223.0,-11930.0,70
3,11.0,73.0,-15859.0,70
3,10.0,224.0,-11543.0,70
3,11.0,73.0,-15741.0,70
3,10.0,224.0,-11940.0,70
3,11.0,73.0,-15923.0,70
3,10.0,223.0,-11725.0,70
3,11.0,73.0,-15756.0,70
3,10.0,223.0,-12054.0,70
3,11.0,73.0,-15786.0,70
3,12.0,278.0,-21621.0,70
3,10.0,222.0,-11686.0,70
3,11.0,73.0,-15817.0,70
3,10.0,224.0,-11772.0,70
3,11.0,73.0,-15912.0,70
3,10.0,223.0,-11785.0,70
3,11.0,73.0,-15752.0,70
3,10.0,223.0,-11549.0,70
3,11.0,73.0,-15738.0,70
3,10.0,223.0,-11604.0,70
3,11.0,74.0,-15727.0,70
3,10.0,223.0,-11933.0,70
3,11.0,73.0,-15771.0,70
3,12.0,281.0,-21269.0,70
3,10.0,224.0,-11816.0,70
3,11.0,74.0,-15741.0,70
3,10.0,223.0,-11898.0,70
3,11.0,74.0,-15742.0,70
3,10.0,223.0,-11746.0,70
3,11.0,73.0,-15663.0,70
3,12.0,279.0,-22449.0,70
3,10.0,223.0,-11952.0,70
3,11.0,73.0,-15810.0,70
3,10.0,224.0,-11620.0,70
3,11.0,73.0,-15667.0,70
3,10.0,223.0,-11945.0,70
3,11.0,73.0,-15785.0,70
3,12.0,270.0,-23011.0,70
3,10.0,224.0,-11729.0,70
3,11.0,73.0,-15698.0,70
3,10.0,223.0,-11819.0,70
3,11.0,74.0,-15671.0,70
3,10.0,224.0,-11902.0,70
3,11.0,73.0,-15707.0,70
3,10.0,223.0,-11957.0,70
3,11.0,74.0,-15868.0,70
3,10.0,223.0,-11941.0,70
3,11.0,73.0,-15786.0,70
3,12.0,153.0,-28895.0,70
3,10.0,223.0,-11927.0,70
3,11.0,73.0,-15693.0,70
3,12.0,287.0,-21239.0,70
3,13.0,151.0,-29401.0,70
3,10.0,223.0,-11993.0,70
3,11.0,73.0,-15756.0,70
3,10.0,223.0,-11617.0,70
3,11.0,73.0,-15664.0,70
3,10.0,223.0,-11923.0,70
3,11.0,74.0,-15682.0,70
3,10.0,223.0,-11678.0,70
3,11.0,73.0,-15800.0,70
3,10.0,223.0,-11905.0,70
3,11.0,73.0,-15736.0,70
3,10.0,224.0,-11875.0,70
3,11.0,74.0,-15783.0,70
3,10.0,224.0,-11720.0,70
3,11.0,73.0,-15799.0,70
3,10.0,223.0,-11753.0,70
3,11.0,73.0,-15734.0,70
3,10.0,223.0,-11845.0,70
3,11.0,73.0,-15683.0,70
3,10.0,223.0,-11718.0,70
3,11.0,73.0,-15676.0,70
3,10.0,224.0,-11775.0,70
3,11.0,73.0,-15695.0,70
3,10.0,224.0,-11773.0,70
3,11.0,73.0,-15699.0,70
3,10.0,223.0,-11797.0,70
3,11.0,74.0,-15805.0,70
3,12.0,281.0,-22814.0,70
3,10.0,223.0,-11887.0,70
3,11.0,73.0,-15735.0,70
3,12.0,150.0,-29097.0,70
3,10.0,224.0,-11786.0,70
3,11.0,74.0,-15694.0,70
3,12.0,149.0,-29674.0,70
3,10.0,224.0,-11821.0,70
3,11.0,73.0,-15750.0,70
3,10.0,223.0,-11660.0,70
3,11.0,73.0,-15822.0,70
3,10.0,223.0,-11810.0,70
3,11.0,74.0,-15766.0,70
3,10.0,223.0,-11775.0,70
3,11.0,73.0,-15796.0,70
3,10.0,223.0,-12038.0,70
3,11.0,73.0,-15679.0,70
3,10.0,224.0,-11620.0,70
3,11.0,73.0,-15695.0,70
3,10.0,224.0,-11797.0,70
3,11.0,73.0,-15836.0,70
3,12.0,281.0,-23261.0,70
3,10.0,223.0,-11943.0,70
3,11.0,73.0,-15757.0,70
3,10.0,223.0,-11719.0,70
3,11.0,73.0,-15759.0,70
3,12.0,285.0,-22191.0,70
3,10.0,223.0,-11760.0,70
3,11.0,73.0,-15745.0,70
3,10.0,223.0,-11958.0,70
3,11.0,73.0,-15768.0,70
3,12.0,283.0,-21845.0,70
3,10.0,223.0,-11714.0,70
3,11.0,73.0,-15722.0,70
3,10.0,224.0,-11923.0,70
3,11.0,73.0,-15776.0,70
3,12.0,283.0,-22242.0,70
3,10.0,224.0,-11831.0,70
3,11.0,74.0,-15664.0,70
3,12.0,150.0,-29555.0,70
3,10.0,223.0,-11803.0,70
3,11.0,73.0,-15826.0,70
3,10.0,224.0,-11715.0,70
3,11.0,73.0,-15870.0,70
3,10.0,224.0,-11779.0,70
3,11.0,74.0,-15755.0,70
3,10.0,224.0,-11766.0,70
3,11.0,74.0,-15693.0,70
3,12.0,285.0,-21575.0,70
3,10.0,223.0,-11802.0,70
3,11.0,73.0,-15746.0,70
3,12.0,153.0,-28749.0,70
3,10.0,224.0,-11824.0,70
3,11.0,74.0,-15625.0,70
3,12.0,152.0,-28604.0,70
3,10.0,223.0,-11973.0,70
3,11.0,73.0,-15744.0,70
3,10.0,224.0,-11602.0,70
3,11.0,73.0,-15678.0,70
3,10.0,223.0,-11958.0,70
3,11.0,74.0,-15692.0,70
3,10.0,223.0,-11797.0,70
3,11.0,74.0,-15656.0,70
3,10.0,223.0,-11920.0,70
3,11.0,73.0,-15724.0,70
3,10.0,224.0,-11826.0,70
3,11.0,74.0,-15696.0,70
3,10.0,224.0,-11658.0,70
3,11.0,73.0,-15727.0,70
3,10.0,223.0,-11807.0,70
3,11.0,73.0,-15794.0,70
3,12.0,151.0,-29339.0,70
3,10.0,223.0,-11779.0,70
3,11.0,73.0,-15808.0,70
3,10.0,223.0,-11868.0,70
3,11.0,74.0,-15792.0,70
3,10.0,223.0,-11665.0,70
3,11.0,73.0,-15730.0,70
3,10.0,223.0,-11747.0,70
3,11.0,73.0,-15651.0,70
3,10.0,224.0,-11660.0,70
3,11.0,73.0,-15695.0,70
3,12.0,280.0,-21522.0,70
3,10.0,223.0,-12042.0,70
3,11.0,73.0,-15829.0,70
3,10.0,223.0,-11991.0,70
3,11.0,74.0,-15765.0,70
3,10.0,224.0,-11663.0,70
3,11.0,74.0,-15715.0,70
3,10.0,224.0,-11701.0,70
3,11.0,73.0,-15725.0,70
3,10.0,224.0,-11835.0,70
3,11.0,73.0,-15769.0,70
3,10.0,223.0,-11841.0,70
3,11.0,73.0,-15755.0,70
3,10.0,224.0,-11821.0,70
3,11.0,74.0,-15735.0,70
3,12.0,284.0,-22257.0,70
3,10.0,224.0,-11790.0,70
3,11.0,73.0,-15724.0,70
3,10.0,223.0,-11805.0,70
4,10.0,223.0,-11763.0,70
4,11.0,74.0,-15706.0,70
4,10.0,224.0,-11723.0,70
4,11.0,73.0,-15662.0,70
4,12.0,278.0,-22273.0,70
4,13.0,151.0,-29664.0,70
4,10.0,223.0,-11958.0,70
4,11.0,73.0,-15757.0,70
4,10.0,223.0,-11867.0,70
4,11.0,73.0,-15763.0,70
4,10.0,223.0,-11818.0,70
4,11.0,73.0,-15726.0,70
4,10.0,223.0,-11896.0,70
4,11.0,73.0,-15809.0,70
4,12.0,284.0,-21767.0,70
4,10.0,224.0,-11711.0,70
4,11.0,73.0,-15800.0,70
4,10.0,223.0,-11776.0,70
4,11.0,74.0,-15779.0,70
4,10.0,223.0,-11864.0,70
4,11.0,73.0,-15741.0,70
4,10.0,224.0,-11820.0,70
4,11.0,74.0,-15682.0,70
4,10.0,223.0,-11979.0,70
4,11.0,73.0,-15753.0,70
4,10.0,224.0,-11682.0,70
4,11.0,74.0,-15668.0,70
4,10.0,223.0,-11808.0,70
4,11.0,73.0,-15770.0,70
4,12.0,285.0,-22076.0,70
4,10.0,223.0,-13748.0,70
4,11.0,72.0,-17906.0,70
4,10.0,222.0,-11914.0,70
4,11.0,73.0,-16023.0,70
4,12.0,150.0,-29683.0,70
4,10.0,223.0,-12231.0,70
4,11.0,72.0,-16299.0,70
4,10.0,224.0,-13089.0,70
4,11.0,73.0,-20090.0,70
4,10.0,222.0,-12284.0,70
4,11.0,73.0,-16257.0,70
4,10.0,222.0,-11788.0,70
4,11.0,74.0,-15721.0,70
4,10.0,224.0,-12109.0,70
4,11.0,73.0,-16574.0,70
4,12.0,285.0,-21628.0,70
4,10.0,224.0,-11788.0,70
4,11.0,73.0,-16029.0,70
4,12.0,150.0,-29303.0,70
4,10.0,224.0,-12050.0,70
4,11.0,73.0,-16120.0,70
4,12.0,272.0,-23621.0,70
4,10.0,223.0,-11923.0,70
4,11.0,73.0,-16052.0,70
4,12.0,149.0,-29220.0,70
4,10.0,224.0,-12013.0,70
4,11.0,73.0,-16126.0,70
4,10.0,223.0,-12098.0,70
4,11.0,73.0,-16098.0,70
4,12.0,150.0,-28716.0,70
4,10.0,223.0,-12003.0,70
4,11.0,73.0,-16083.0,70
4,10.0,224.0,-12036.0,70
4,11.0,74.0,-16021.0,70
4,10.0,224.0,-11898.0,70
4,11.0,73.0,-16071.0,70
4,12.0,153.0,-28794.0,70
4,10.0,224.0,-12036.0,70
4,11.0,73.0,-16137.0,70
4,12.0,280.0,-22078.0,70
4,10.0,224.0,-12007.0,70
4,11.0,73.0,-16140.0,70
4,12.0,289.0,-22143.0,70
4,10.0,224.0,-11951.0,70
4,11.0,73.0,-16217.0,70
4,12.0,285.0,-21046.0,70
4,10.0,223.0,-11790.0,70
4,11.0,73.0,-16123.0,70
4,10.0,223.0,-11984.0,70
4,11.0,74.0,-16058.0,70
4,10.0,224.0,-12004.0,70
4,11.0,73.0,-16050.0,70
4,10.0,225.0,-12044.0,70
4,11.0,73.0,-16134.0,70
4,10.0,224.0,-11795.0,70
4,11.0,74.0,-16004.0,70
4,12.0,150.0,-29751.0,70
4,10.0,224.0,-12045.0,70
4,11.0,74.0,-16090.0,70
4,10.0,223.0,-11835.0,70
4,11.0,74.0,-16012.0,70
4,12.0,153.0,-28746.0,70
4,10.0,223.0,-12081.0,70
4,11.0,74.0,-16219.0,70
4,10.0,224.0,-11833.0,70
4,11.0,74.0,-16030.0,70
4,10.0,224.0,-11971.0,70
4,11.0,74.0,-16082.0,70
4,12.0,280.0,-22570.0,70
4,13.0,152.0,-28811.0,70
4,10.0,222.0,-11997.0,70
4,11.0,73.0,-16069.0,70
4,10.0,224.0,-11970.0,70
4,11.0,73.0,-16171.0,70
4,10.0,223.0,-11923.0,70
4,11.0,74.0,-16070.0,70
4,10.0,223.0,-11956.0,70
4,11.0,73.0,-16209.0,70
4,10.0,225.0,-12017.0,70
4,11.0,74.0,-16151.0,70
4,12.0,151.0,-29118.0,70
4,10.0,224.0,-11922.0,70
4,11.0,74.0,-15929.0,70
4,10.0,224.0,-11840.0,70
4,11.0,74.0,-16077.0,70
4,10.0,224.0,-11978.0,70
4,11.0,73.0,-16057.0,70
4,12.0,153.0,-28637.0,70
4,10.0,225.0,-11895.0,70
4,11.0,73.0,-16139.0,70
4,10.0,223.0,-12030.0,70
4,11.0,74.0,-16079.0,70
4,10.0,223.0,-12279.0,70
4,11.0,73.0,-16142.0,70
4,10.0,224.0,-12009.0,70
4,11.0,73.0,-16233.0,70
4,10.0,224.0,-11907.0,70
4,11.0,73.0,-16093.0,70
4,10.0,224.0,-12080.0,70
4,11.0,74.0,-16064.0,70
4,10.0,223.0,-11796.0,70
4,11.0,74.0,-16050.0,70
4,10.0,224.0,-11811.0,70
4,11.0,73.0,-16060.0,70
4,10.0,223.0,-12043.0,70
4,11.0,73.0,-16073.0,70
4,10.0,222.0,-12043.0,70
4,11.0,73.0,-16084.0,70
4,10.0,224.0,-11949.0,70
4,11.0,73.0,-16118.0,70
4,10.0,223.0,-11915.0,70
4,11.0,74.0,-16042.0,70
4,12.0,286.0,-21524.0,70
4,10.0,223.0,-12031.0,70
4,11.0,73.0,-16157.0,70
4,12.0,285.0,-21340.0,70
4,10.0,224.0,-12087.0,70
4,11.0,73.0,-16084.0,70
4,12.0,152.0,-28874.0,70
4,10.0,223.0,-12079.0,70
4,11.0,74.0,-16068.0,70
4,10.0,224.0,-11812.0,70
4,11.0,73.0,-16004.0,70
4,10.0,223.0,-11985.0,70
4,11.0,74.0,-16067.0,70
4,10.0,224.0,-11844.0,70
4,11.0,73.0,-16058.0,70
4,10.0,224.0,-11935.0,70
4,11.0,74.0,-15996.0,70
4,10.0,224.0,-11789.0,70
4,11.0,73.0,-16072.0,70
4,12.0,279.0,-22055.0,70
4,10.0,223.0,-11863.0,70
4,11.0,73.0,-16179.0,70
4,12.0,283.0,-21554.0,70
4,13.0,152.0,-29211.0,70
4,10.0,224.0,-12064.0,70
4,11.0,74.0,-16117.0,70
4,10.0,224.0,-11736.0,70
4,11.0,74.0,-16028.0,70
4,12.0,279.0,-20923.0,70
4,10.0,223.0,-11843.0,70
4,11.0,73.0,-16071.0,70
4,10.0,224.0,-12148.0,70
4,11.0,74.0,-16087.0,70
4,12.0,283.0,-21320.0,70
4,10.0,224.0,-12276.0,70
4,11.0,73.0,-16196.0,70
4,10.0,224.0,-11811.0,70
4,11.0,73.0,-16019.0,70
4,10.0,224.0,-12019.0,70
4,11.0,73.0,-16110.0,70
4,10.0,225.0,-11854.0,70
4,11.0,73.0,-16103.0,70
4,10.0,224.0,-12018.0,70
4,11.0,73.0,-16234.0,70
4,12.0,281.0,-21340.0,70
4,10.0,224.0,-11974.0,70
4,11.0,74.0,-16123.0,70
4,12.0,278.0,-21866.0,70
4,13.0,151.0,-29230.0,70
4,10.0,224.0,-11917.0,70
4,11.0,73.0,-16195.0,70
4,12.0,151.0,-29374.0,70
4,10.0,224.0,-12065.0,70
4,11.0,73.0,-16044.0,70
4,10.0,223.0,-12126.0,70
4,11.0,74.0,-16008.0,70
4,12.0,286.0,-22002.0,70
4,10.0,223.0,-12083.0,70
0,10.0,214.0,-13276.0,60
0,11.0,71.0,-17579.0,60
0,10.0,213.0,-13339.0,60
0,11.0,72.0,-17487.0,60
0,10.0,213.0,-13312.0,60
0,11.0,71.0,-17478.0,60
0,10.0,214.0,-13301.0,60
0,11.0,71.0,-17320.0,60
0,10.0,214.0,-13264.0,60
0,11.0,72.0,-17568.0,60
0,10.0,214.0,-13101.0,60
0,11.0,71.0,-17121.0,60
0,10.0,213.0,-13447.0,60
0,11.0,72.0,-17478.0,60
0,10.0,214.0,-13394.0,60
0,11.0,71.0,-17527.0,60
0,10.0,214.0,-13490.0,60
0,11.0,71.0,-17468.0,60
0,10.0,214.0,-13239.0,60
0,11.0,71.0,-17449.0,60
0,10.0,214.0,-13231.0,60
0,11.0,72.0,-17416.0,60
0,10.0,214.0,-13299.0,60
0,11.0,71.0,-17274.0,60
0,10.0,212.0,-13357.0,60
0,11.0,70.0,-17328.0,60
0,10.0,212.0,-13546.0,60
0,11.0,70.0,-17373.0,60
0,10.0,213.0,-13341.0,60
0,11.0,72.0,-17478.0,60
0,10.0,212.0,-13443.0,60
0,11.0,71.0,-17537.0,60
0,10.0,213.0,-13392.0,60
0,11.0,71.0,-17417.0,60
0,10.0,214.0,-13518.0,60
0,11.0,71.0,-17291.0,60
0,10.0,214.0,-13064.0,60
0,11.0,71.0,-17506.0,60
0,10.0,214.0,-13268.0,60
0,11.0,71.0,-17410.0,60
0,10.0,212.0,-13354.0,60
0,11.0,71.0,-17579.0,60
0,10.0,213.0,-13387.0,60
0,11.0,71.0,-17507.0,60
0,10.0,213.0,-13572.0,60
0,11.0,72.0,-17729.0,60
0,10.0,214.0,-13262.0,60
0,11.0,71.0,-17527.0,60
0,10.0,213.0,-13198.0,60
0,11.0,71.0,-17610.0,60
0,10.0,214.0,-13214.0,60
0,11.0,71.0,-17402.0,60
0,10.0,215.0,-12969.0,60
0,11.0,72.0,-17676.0,60
0,12.0,276.0,-23802.0,60
0,10.0,211.0,-14285.0,60
0,11.0,70.0,-19729.0,60
0,10.0,219.0,-12572.0,60
0,11.0,70.0,-22428.0,60
0,10.0,209.0,-14912.0,60
0,11.0,51.0,-25559.0,60
0,10.0,208.0,-14058.0,60
0,11.0,65.0,-20703.0,60
0,10.0,221.0,-12030.0,60
0,11.0,74.0,-17146.0,60
0,10.0,210.0,-14751.0,60
0,11.0,68.0,-20106.0,60
0,10.0,209.0,-16062.0,60
0,11.0,84.0,-25301.0,60
0,10.0,219.0,-17705.0,60
0,11.0,93.0,-26832.0,60
0,10.0,209.0,-16098.0,60
0,11.0,80.0,-23490.0,60
0,10.0,210.0,-14869.0,60
0,11.0,67.0,-20578.0,60
0,10.0,210.0,-14670.0,60
0,11.0,65.0,-21431.0,60
0,10.0,209.0,-15068.0,60
0,11.0,67.0,-21022.0,60
0,10.0,220.0,-17141.0,60
0,11.0,73.0,-20253.0,60
0,10.0,210.0,-14773.0,60
0,11.0,68.0,-20952.0,60
0,10.0,219.0,-17113.0,60
0,11.0,68.0,-21006.0,60
0,10.0,209.0,-15046.0,60
0,11.0,70.0,-20841.0,60
0,10.0,209.0,-15001.0,60
0,11.0,73.0,-20446.0,60
0,10.0,210.0,-14733.0,60
0,11.0,68.0,-20482.0,60
0,10.0,210.0,-14995.0,60
0,11.0,74.0,-20312.0,60
0,10.0,210.0,-14972.0,60
0,11.0,72.0,-20576.0,60
0,10.0,211.0,-14637.0,60
0,11.0,71.0,-20659.0,60
0,10.0,210.0,-14766.0,60
0,11.0,73.0,-20033.0,60
0,10.0,210.0,-14637.0,60
0,11.0,67.0,-20495.0,60
0,10.0,210.0,-14744.0,60
0,11.0,67.0,-20836.0,60
0,10.0,220.0,-17130.0,60
0,11.0,72.0,-20294.0,60
0,10.0,210.0,-14970.0,60
0,11.0,71.0,-20608.0,60
0,10.0,219.0,-17410.0,60
0,11.0,74.0,-20652.0,60
0,10.0,210.0,-14927.0,60
0,11.0,70.0,-20174.0,60
0,10.0,210.0,-15205.0,60
0,11.0,74.0,-20650.0,60
0,10.0,211.0,-14798.0,60
0,11.0,67.0,-20990.0,60
0,10.0,219.0,-17270.0,60
0,11.0,73.0,-20375.0,60
0,10.0,210.0,-14968.0,60
0,11.0,70.0,-20519.0,60
0,10.0,211.0,-15009.0,60
0,11.0,70.0,-20027.0,60
0,10.0,210.0,-15019.0,60
0,11.0,68.0,-20661.0,60
0,10.0,210.0,-15180.0,60
0,11.0,67.0,-20637.0,60
0,10.0,209.0,-14828.0,60
0,11.0,77.0,-20325.0,60
0,10.0,209.0,-14875.0,60
0,11.0,70.0,-20765.0,60
0,10.0,210.0,-14832.0,60
0,11.0,72.0,-20296.0,60
0,10.0,210.0,-14955.0,60
0,11.0,70.0,-21281.0,60
0,10.0,210.0,-14942.0,60
0,11.0,64.0,-21333.0,60
0,10.0,210.0,-15253.0,60
0,11.0,61.0,-21688.0,60
0,10.0,210.0,-14949.0,60
0,11.0,68.0,-20742.0,60
0,10.0,210.0,-14879.0,60
0,11.0,71.0,-20776.0,60
0,10.0,210.0,-14928.0,60
0,11.0,65.0,-21464.0,60
0,10.0,210.0,-14848.0,60
0,11.0,70.0,-20496.0,60
0,10.0,210.0,-14866.0,60
0,11.0,70.0,-20354.0,60
0,10.0,210.0,-14815.0,60
0,11.0,75.0,-20424.0,60
0,10.0,210.0,-14833.0,60
0,11.0,67.0,-20873.0,60
0,10.0,209.0,-15015.0,60
0,11.0,64.0,-21136.0,60
0,10.0,209.0,-15044.0,60
0,11.0,74.0,-19876.0,60
0,10.0,209.0,-14979.0,60
0,11.0,72.0,-20284.0,60
0,10.0,210.0,-15104.0,60
0,11.0,70.0,-20362.0,60
0,10.0,209.0,-14942.0,60
0,11.0,75.0,-20462.0,60
0,10.0,210.0,-15032.0,60
0,11.0,66.0,-21111.0,60
0,10.0,210.0,-14966.0,60
0,11.0,70.0,-20361.0,60
0,10.0,209.0,-14834.0,60
0,11.0,66.0,-20838.0,60
0,10.0,210.0,-14817.0,60
0,11.0,72.0,-20349.0,60
0,10.0,210.0,-14921.0,60
0,11.0,67.0,-20163.0,60
0,10.0,209.0,-15010.0,60
0,11.0,68.0,-20939.0,60
0,10.0,209.0,-14920.0,60
0,11.0,71.0,-21085.0,60
0,10.0,210.0,-14741.0,60
0,11.0,67.0,-20640.0,60
0,10.0,210.0,-14794.0,60
0,11.0,67.0,-20162.0,60
0,10.0,210.0,-14844.0,60
0,11.0,68.0,-20537.0,60
0,10.0,209.0,-14783.0,60
0,11.0,69.0,-20555.0,60
0,10.0,211.0,-15110.0,60
0,11.0,69.0,-20575.0,60
0,10.0,210.0,-15122.0,60
0,11.0,68.0,-20682.0,60
0,10.0,209.0,-14960.0,60
0,11.0,68.0,-20448.0,60
0,10.0,209.0,-15170.0,60
0,11.0,72.0,-20445.0,60
0,10.0,209.0,-15004.0,60
0,11.0,67.0,-20060.0,60
0,10.0,210.0,-14767.0,60
0,11.0,69.0,-20467.0,60
0,10.0,210.0,-15014.0,60
0,11.0,70.0,-20555.0,60
0,10.0,209.0,-15110.0,60
0,11.0,73.0,-20266.0,60
0,10.0,211.0,-14880.0,60
1,10.0,217.0,-12387.0,60
1,11.0,71.0,-18070.0,60
1,10.0,218.0,-13028.0,60
1,11.0,64.0,-22319.0,60
1,10.0,218.0,-12911.0,60
1,11.0,69.0,-20843.0,60
1,10.0,217.0,-12882.0,60
1,11.0,69.0,-21322.0,60
1,10.0,219.0,-12846.0,60
1,11.0,68.0,-21206.0,60
1,10.0,217.0,-12878.0,60
1,11.0,68.0,-21048.0,60
1,10.0,218.0,-12935.0,60
1,11.0,69.0,-21179.0,60
1,10.0,218.0,-12803.0,60
1,11.0,68.0,-21464.0,60
1,10.0,218.0,-12853.0,60
1,11.0,68.0,-21233.0,60
1,10.0,217.0,-12988.0,60
1,11.0,69.0,-21508.0,60
1,10.0,216.0,-12683.0,60
1,11.0,69.0,-21202.0,60
1,10.0,218.0,-12837.0,60
1,11.0,69.0,-21096.0,60
1,10.0,217.0,-12676.0,60
1,11.0,70.0,-21294.0,60
1,10.0,216.0,-13228.0,60
1,11.0,70.0,-21188.0,60
1,10.0,217.0,-12864.0,60
1,11.0,67.0,-21306.0,60
1,10.0,217.0,-12695.0,60
1,11.0,68.0,-21142.0,60
1,10.0,218.0,-12936.0,60
1,11.0,69.0,-21577.0,60
1,10.0,217.0,-13073.0,60
1,11.0,69.0,-21688.0,60
1,10.0,218.0,-13034.0,60
1,11.0,69.0,-21319.0,60
1,10.0,217.0,-12905.0,60
1,11.0,69.0,-21269.0,60
1,10.0,215.0,-13001.0,60
1,11.0,68.0,-21074.0,60
1,10.0,216.0,-13147.0,60
1,11.0,70.0,-21299.0,60
1,10.0,215.0,-12970.0,60
1,11.0,68.0,-21517.0,60
1,10.0,216.0,-13313.0,60
1,11.0,69.0,-21443.0,60
1,10.0,216.0,-13365.0,60
1,11.0,69.0,-21550.0,60
1,10.0,215.0,-13382.0,60
1,11.0,68.0,-21471.0,60
1,10.0,217.0,-12790.0,60
1,11.0,69.0,-21306.0,60
1,10.0,219.0,-12521.0,60
1,11.0,69.0,-21541.0,60
1,10.0,219.0,-12884.0,60
1,11.0,68.0,-21512.0,60
1,10.0,217.0,-12761.0,60
1,11.0,68.0,-21498.0,60
1,10.0,221.0,-12527.0,60
1,11.0,69.0,-21334.0,60
1,10.0,215.0,-13376.0,60
1,11.0,69.0,-20973.0,60
1,10.0,216.0,-12719.0,60
1,11.0,68.0,-21340.0,60
1,10.0,218.0,-12880.0,60
1,11.0,66.0,-22003.0,60
1,10.0,217.0,-12930.0,60
1,11.0,69.0,-21307.0,60
1,10.0,216.0,-13008.0,60
1,11.0,69.0,-21697.0,60
1,10.0,217.0,-12670.0,60
1,11.0,67.0,-21583.0,60
1,10.0,218.0,-12952.0,60
1,11.0,67.0,-21438.0,60
1,10.0,217.0,-12770.0,60
1,11.0,70.0,-21153.0,60
1,10.0,217.0,-13091.0,60
1,11.0,68.0,-21337.0,60
1,10.0,216.0,-12959.0,60
1,11.0,69.0,-21213.0,60
1,10.0,216.0,-12760.0,60
1,11.0,69.0,-21349.0,60
1,10.0,217.0,-12673.0,60
1,11.0,289.0,-17528.0,60
1,12.0,68.0,-21421.0,60
1,10.0,218.0,-12953.0,60
1,11.0,68.0,-21148.0,60
1,10.0,218.0,-12598.0,60
1,11.0,68.0,-21241.0,60
1,10.0,217.0,-12909.0,60
1,11.0,69.0,-21502.0,60
1,10.0,217.0,-12769.0,60
1,11.0,68.0,-21561.0,60
1,10.0,218.0,-12711.0,60
1,11.0,70.0,-21435.0,60
1,10.0,217.0,-12659.0,60
1,11.0,70.0,-21598.0,60
1,10.0,217.0,-12757.0,60
1,11.0,67.0,-21488.0,60
1,10.0,217.0,-12819.0,60
1,11.0,68.0,-21497.0,60
1,10.0,217.0,-13038.0,60
1,11.0,67.0,-21708.0,60
1,10.0,216.0,-12798.0,60
1,11.0,68.0,-21832.0,60
1,10.0,217.0,-12928.0,60
1,11.0,68.0,-20939.0,60
1,10.0,217.0,-12774.0,60
1,11.0,68.0,-21191.0,60
1,10.0,217.0,-12798.0,60
1,11.0,69.0,-21394.0,60
1,10.0,216.0,-12692.0,60
1,11.0,69.0,-21479.0,60
1,10.0,217.0,-12916.0,60
1,11.0,69.0,-21254.0,60
1,10.0,217.0,-12687.0,60
1,11.0,68.0,-21506.0,60
1,10.0,216.0,-13239.0,60
1,11.0,68.0,-21514.0,60
1,10.0,217.0,-13299.0,60
1,11.0,69.0,-21535.0,60
1,10.0,216.0,-12686.0,60
1,11.0,69.0,-21347.0,60
1,10.0,216.0,-12686.0,60
1,11.0,67.0,-21009.0,60
1,10.0,217.0,-12781.0,60
1,11.0,69.0,-21345.0,60
1,12.0,275.0,-21586.0,60
1,10.0,215.0,-12940.0,60
1,11.0,68.0,-21333.0,60
1,10.0,216.0,-12442.0,60
1,11.0,68.0,-21667.0,60
1,12.0,270.0,-21964.0,60
1,10.0,216.0,-12697.0,60
1,11.0,68.0,-21279.0,60
1,12.0,283.0,-21795.0,60
1,10.0,218.0,-12556.0,60
1,11.0,68.0,-21492.0,60
1,10.0,217.0,-12772.0,60
1,11.0,69.0,-21561.0,60
1,12.0,276.0,-22573.0,60
1,10.0,217.0,-12483.0,60
1,11.0,69.0,-21468.0,60
1,10.0,217.0,-12345.0,60
1,11.0,68.0,-21237.0,60
1,12.0,296.0,-22754.0,60
1,10.0,216.0,-12513.0,60
1,11.0,68.0,-21482.0,60
1,10.0,244.0,-16870.0,60
1,11.0,69.0,-21305.0,60
1,10.0,218.0,-12620.0,60
1,11.0,279.0,-19814.0,60
1,12.0,69.0,-21351.0,60
1,10.0,217.0,-12852.0,60
1,11.0,69.0,-21484.0,60
1,12.0,269.0,-21628.0,60
1,10.0,217.0,-13056.0,60
1,11.0,273.0,-19254.0,60
1,12.0,69.0,-21377.0,60
1,10.0,216.0,-12988.0,60
1,11.0,68.0,-21534.0,60
1,12.0,269.0,-22088.0,60
1,10.0,217.0,-12952.0,60
1,11.0,271.0,-19620.0,60
1,12.0,68.0,-21259.0,60
1,10.0,216.0,-13092.0,60
1,11.0,273.0,-20144.0,60
1,12.0,69.0,-21308.0,60
1,10.0,216.0,-12836.0,60
1,11.0,274.0,-20761.0,60
1,12.0,67.0,-21933.0,60
1,10.0,218.0,-12833.0,60
1,11.0,273.0,-20863.0,60
1,12.0,69.0,-21275.0,60
1,10.0,216.0,-13001.0,60
1,11.0,68.0,-21245.0,60
1,10.0,217.0,-12995.0,60
1,11.0,68.0,-21573.0,60
1,12.0,271.0,-22774.0,60
1,10.0,217.0,-12801.0,60
1,11.0,275.0,-20205.0,60
1,12.0,68.0,-21400.0,60
1,10.0,217.0,-13153.0,60
1,11.0,277.0,-20234.0,60
1,12.0,69.0,-21343.0,60
1,10.0,217.0,-12677.0,60
1,11.0,69.0,-21508.0,60
1,12.0,274.0,-24055.0,60
1,10.0,218.0,-13286.0,60
1,11.0,66.0,-21738.0,60
1,10.0,216.0,-12650.0,60
1,11.0,68.0,-21247.0,60
1,10.0,217.0,-13135.0,60
1,11.0,69.0,-21430.0,60
1,10.0,217.0,-12921.0,60
1,11.0,67.0,-21385.0,60
1,10.0,218.0,-12774.0,60
1,11.0,69.0,-21708.0,60
2,10.0,215.0,-13514.0,60
2,11.0,70.0,-17811.0,60
2,10.0,219.0,-12305.0,60
2,11.0,73.0,-16740.0,60
2,10.0,218.0,-12735.0,60
2,11.0,72.0,-16996.0,60
2,10.0,218.0,-12662.0,60
2,11.0,72.0,-17051.0,60
2,10.0,218.0,-12575.0,60
2,11.0,72.0,-17050.0,60
2,10.0,218.0,-12534.0,60
2,11.0,72.0,-17086.0,60
2,10.0,218.0,-12536.0,60
2,11.0,73.0,-16923.0,60
2,10.0,217.0,-12645.0,60
2,11.0,73.0,-16978.0,60
2,10.0,218.0,-12639.0,60
2,11.0,71.0,-17059.0,60
2,10.0,219.0,-12740.0,60
2,11.0,72.0,-17018.0,60
2,10.0,218.0,-12509.0,60
2,11.0,72.0,-17064.0,60
2,10.0,218.0,-12610.0,60
2,11.0,72.0,-17036.0,60
2,10.0,219.0,-12279.0,60
2,11.0,72.0,-17003.0,60
2,10.0,215.0,-13286.0,60
2,11.0,70.0,-17774.0,60
2,10.0,211.0,-13762.0,60
2,11.0,70.0,-18000.0,60
2,10.0,215.0,-13612.0,60
2,11.0,71.0,-17915.0,60
2,10.0,218.0,-12760.0,60
2,11.0,69.0,-21076.0,60
2,10.0,217.0,-12438.0,60
2,11.0,71.0,-18196.0,60
2,10.0,208.0,-15089.0,60
2,11.0,83.0,-23978.0,60
2,10.0,214.0,-13116.0,60
2,11.0,70.0,-17546.0,60
2,10.0,217.0,-12617.0,60
2,11.0,64.0,-21261.0,60
2,10.0,222.0,-14192.0,60
2,11.0,67.0,-25546.0,60
2,10.0,219.0,-15528.0,60
2,11.0,89.0,-25725.0,60
2,10.0,219.0,-17108.0,60
2,11.0,93.0,-26093.0,60
2,10.0,207.0,-15561.0,60
2,11.0,91.0,-25267.0,60
2,10.0,206.0,-15384.0,60
2,11.0,91.0,-25119.0,60
2,10.0,206.0,-15966.0,60
2,11.0,91.0,-24953.0,60
2,10.0,208.0,-15561.0,60
2,11.0,91.0,-24961.0,60
2,10.0,206.0,-15610.0,60
2,11.0,91.0,-25301.0,60
2,10.0,206.0,-15812.0,60
2,11.0,91.0,-24907.0,60
2,12.0,43.0,-27377.0,60
2,10.0,207.0,-15591.0,60
2,11.0,92.0,-25309.0,60
2,10.0,207.0,-15277.0,60
2,11.0,91.0,-25253.0,60
2,10.0,207.0,-15743.0,60
2,11.0,90.0,-25286.0,60
2,10.0,207.0,-15878.0,60
2,11.0,91.0,-25258.0,60
2,10.0,207.0,-15479.0,60
2,11.0,91.0,-24934.0,60
2,10.0,207.0,-15624.0,60
2,11.0,91.0,-24919.0,60
2,10.0,207.0,-15414.0,60
2,11.0,90.0,-25080.0,60
2,10.0,207.0,-15349.0,60
2,11.0,91.0,-25120.0,60
2,10.0,207.0,-15858.0,60
2,11.0,91.0,-24921.0,60
2,12.0,43.0,-27093.0,60
2,10.0,207.0,-15624.0,60
2,11.0,92.0,-25377.0,60
2,10.0,207.0,-15732.0,60
2,11.0,89.0,-24911.0,60
2,10.0,207.0,-15484.0,60
2,11.0,92.0,-25483.0,60
2,12.0,43.0,-27222.0,60
2,10.0,207.0,-15398.0,60
2,11.0,91.0,-24968.0,60
2,10.0,207.0,-15339.0,60
2,11.0,92.0,-25453.0,60
2,10.0,207.0,-15694.0,60
2,11.0,90.0,-25202.0,60
2,10.0,207.0,-15745.0,60
2,11.0,90.0,-24530.0,60
2,10.0,207.0,-15558.0,60
2,11.0,91.0,-24911.0,60
2,10.0,207.0,-15478.0,60
2,11.0,91.0,-25120.0,60
2,10.0,207.0,-15641.0,60
2,11.0,91.0,-25337.0,60
2,10.0,207.0,-15446.0,60
2,11.0,90.0,-25188.0,60
2,10.0,207.0,-15643.0,60
2,11.0,91.0,-25295.0,60
2,12.0,43.0,-26970.0,60
2,10.0,207.0,-15635.0,60
2,11.0,90.0,-24877.0,60
2,10.0,207.0,-15675.0,60
2,11.0,91.0,-24911.0,60
2,10.0,207.0,-15753.0,60
2,11.0,91.0,-25407.0,60
2,10.0,207.0,-15604.0,60
2,11.0,90.0,-24916.0,60
2,10.0,206.0,-15588.0,60
2,11.0,88.0,-24867.0,60
2,10.0,207.0,-15709.0,60
2,11.0,92.0,-25042.0,60
2,10.0,206.0,-15768.0,60
2,11.0,92.0,-25341.0,60
2,10.0,206.0,-15593.0,60
2,11.0,91.0,-25234.0,60
2,10.0,217.0,-12269.0,60
2,11.0,71.0,-16968.0,60
2,10.0,218.0,-12089.0,60
2,11.0,71.0,-18230.0,60
2,10.0,218.0,-15545.0,60
2,11.0,70.0,-26393.0,60
2,10.0,217.0,-12264.0,60
2,11.0,71.0,-17574.0,60
2,10.0,212.0,-13694.0,60
2,11.0,69.0,-19102.0,60
2,10.0,217.0,-13200.0,60
2,11.0,66.0,-23273.0,60
2,10.0,218.0,-13007.0,60
2,11.0,69.0,-20830.0,60
2,10.0,216.0,-12669.0,60
2,11.0,70.0,-17810.0,60
2,10.0,219.0,-13498.0,60
2,11.0,60.0,-23981.0,60
2,10.0,218.0,-14011.0,60
2,11.0,54.0,-25789.0,60
2,10.0,217.0,-12605.0,60
2,11.0,68.0,-21592.0,60
2,10.0,218.0,-12527.0,60
2,11.0,70.0,-19712.0,60
2,10.0,218.0,-16112.0,60
2,11.0,89.0,-26187.0,60
2,10.0,219.0,-13115.0,60
2,11.0,66.0,-22673.0,60
2,10.0,218.0,-13394.0,60
2,11.0,65.0,-23951.0,60
2,10.0,219.0,-13552.0,60
2,11.0,65.0,-23933.0,60
2,10.0,218.0,-13575.0,60
2,11.0,59.0,-24372.0,60
2,10.0,219.0,-13369.0,60
2,11.0,63.0,-24151.0,60
2,10.0,218.0,-13155.0,60
2,11.0,64.0,-23806.0,60
2,10.0,219.0,-13515.0,60
2,11.0,66.0,-23543.0,60
2,10.0,219.0,-13398.0,60
2,11.0,61.0,-23827.0,60
2,10.0,218.0,-13403.0,60
2,11.0,56.0,-24485.0,60
2,10.0,218.0,-13458.0,60
2,11.0,67.0,-24553.0,60
2,10.0,218.0,-13319.0,60
2,11.0,61.0,-24339.0,60
2,10.0,219.0,-13672.0,60
2,11.0,61.0,-24648.0,60
2,10.0,219.0,-13042.0,60
2,11.0,68.0,-23122.0,60
2,10.0,219.0,-13590.0,60
2,11.0,60.0,-24620.0,60
2,10.0,218.0,-13171.0,60
2,11.0,64.0,-23224.0,60
2,10.0,218.0,-13546.0,60
2,11.0,66.0,-23394.0,60
2,10.0,218.0,-13424.0,60
2,11.0,61.0,-24665.0,60
2,10.0,218.0,-13554.0,60
2,11.0,57.0,-24257.0,60
2,10.0,218.0,-13535.0,60
2,11.0,62.0,-23817.0,60
2,10.0,218.0,-13467.0,60
2,11.0,65.0,-23828.0,60
2,10.0,219.0,-13303.0,60
2,11.0,66.0,-23102.0,60
2,10.0,219.0,-13376.0,60
2,11.0,59.0,-23978.0,60
2,10.0,217.0,-13517.0,60
2,11.0,61.0,-24327.0,60
2,10.0,219.0,-13169.0,60
2,11.0,57.0,-23953.0,60
2,10.0,218.0,-13090.0,60
2,11.0,59.0,-24923.0,60
2,10.0,219.0,-13078.0,60
2,11.0,62.0,-24846.0,60
3,10.0,219.0,-13497.0,60
3,11.0,59.0,-23872.0,60
3,10.0,220.0,-13276.0,60
3,11.0,59.0,-24228.0,60
3,10.0,218.0,-13308.0,60
3,11.0,65.0,-22989.0,60
3,10.0,218.0,-13539.0,60
3,11.0,63.0,-24347.0,60
3,10.0,217.0,-13801.0,60
3,11.0,65.0,-23439.0,60
3,10.0,219.0,-13170.0,60
3,11.0,60.0,-24420.0,60
3,10.0,219.0,-13346.0,60
3,11.0,64.0,-23883.0,60
3,10.0,219.0,-13238.0,60
3,11.0,61.0,-24203.0,60
3,10.0,219.0,-13158.0,60
3,11.0,62.0,-23612.0,60
3,10.0,217.0,-13424.0,60
3,11.0,59.0,-23720.0,60
3,10.0,217.0,-13101.0,60
3,11.0,60.0,-24260.0,60
3,10.0,220.0,-13439.0,60
3,11.0,60.0,-24047.0,60
3,10.0,219.0,-13596.0,60
3,11.0,64.0,-23513.0,60
3,10.0,218.0,-13357.0,60
3,11.0,65.0,-23645.0,60
3,10.0,219.0,-13551.0,60
3,11.0,66.0,-23927.0,60
3,10.0,219.0,-13369.0,60
3,11.0,57.0,-24395.0,60
3,10.0,218.0,-13399.0,60
3,11.0,61.0,-23632.0,60
3,10.0,219.0,-13504.0,60
3,11.0,59.0,-24739.0,60
3,10.0,217.0,-13231.0,60
3,11.0,67.0,-23521.0,60
3,10.0,219.0,-13245.0,60
3,11.0,65.0,-23757.0,60
3,10.0,218.0,-13312.0,60
3,11.0,60.0,-24267.0,60
3,10.0,219.0,-13436.0,60
3,11.0,59.0,-24417.0,60
3,10.0,219.0,-13321.0,60
3,11.0,61.0,-24029.0,60
3,10.0,218.0,-13684.0,60
3,11.0,61.0,-24076.0,60
3,10.0,218.0,-13465.0,60
3,11.0,60.0,-24117.0,60
3,10.0,218.0,-13592.0,60
3,11.0,63.0,-24154.0,60
3,10.0,218.0,-13487.0,60
3,11.0,59.0,-23875.0,60
3,10.0,218.0,-13369.0,60
3,11.0,62.0,-24123.0,60
3,10.0,218.0,-13438.0,60
3,11.0,63.0,-23423.0,60
3,10.0,218.0,-13396.0,60
3,11.0,63.0,-23513.0,60
3,10.0,220.0,-13347.0,60
3,11.0,60.0,-23990.0,60
3,10.0,218.0,-13671.0,60
3,11.0,66.0,-23734.0,60
3,10.0,218.0,-13405.0,60
3,11.0,61.0,-24272.0,60
3,10.0,219.0,-13305.0,60
3,11.0,62.0,-23734.0,60
3,10.0,218.0,-13379.0,60
3,11.0,64.0,-23754.0,60
3,10.0,218.0,-13273.0,60
3,11.0,61.0,-24007.0,60
3,10.0,218.0,-13456.0,60
3,11.0,62.0,-24093.0,60
3,10.0,219.0,-13293.0,60
3,11.0,67.0,-23897.0,60
3,10.0,218.0,-13263.0,60
3,11.0,61.0,-23921.0,60
3,10.0,218.0,-13440.0,60
3,11.0,61.0,-24669.0,60
3,10.0,219.0,-13557.0,60
3,11.0,58.0,-24526.0,60
3,10.0,219.0,-13379.0,60
3,11.0,62.0,-23808.0,60
3,10.0,219.0,-13021.0,60
3,11.0,62.0,-23462.0,60
3,10.0,219.0,-13331.0,60
3,11.0,61.0,-23916.0,60
3,10.0,218.0,-13441.0,60
3,11.0,58.0,-24084.0,60
3,10.0,219.0,-13321.0,60
3,11.0,57.0,-24273.0,60
3,10.0,217.0,-13350.0,60
3,11.0,64.0,-23529.0,60
3,10.0,219.0,-13151.0,60
3,11.0,61.0,-24905.0,60
3,10.0,219.0,-13592.0,60
3,11.0,60.0,-24646.0,60
3,10.0,219.0,-13175.0,60
3,11.0,61.0,-24188.0,60
3,10.0,219.0,-13221.0,60
3,11.0,64.0,-24378.0,60
3,10.0,219.0,-13289.0,60
3,11.0,68.0,-23378.0,60
3,10.0,218.0,-13563.0,60
3,11.0,66.0,-23723.0,60
3,10.0,220.0,-13092.0,60
3,11.0,61.0,-24004.0,60
3,10.0,218.0,-13031.0,60
3,11.0,60.0,-24354.0,60
3,10.0,217.0,-13345.0,60
3,11.0,60.0,-23733.0,60
3,10.0,217.0,-13784.0,60
3,11.0,65.0,-23895.0,60
3,10.0,218.0,-13473.0,60
3,11.0,57.0,-24499.0,60
3,10.0,219.0,-13184.0,60
3,11.0,59.0,-24746.0,60
3,10.0,217.0,-13510.0,60
3,11.0,66.0,-23541.0,60
3,10.0,219.0,-13270.0,60
3,11.0,64.0,-23059.0,60
3,10.0,219.0,-13613.0,60
3,11.0,64.0,-23421.0,60
3,10.0,218.0,-13285.0,60
3,11.0,65.0,-23512.0,60
3,10.0,217.0,-13237.0,60
3,11.0,64.0,-23449.0,60
3,10.0,218.0,-13241.0,60
3,11.0,61.0,-24328.0,60
3,10.0,219.0,-13373.0,60
3,11.0,63.0,-23702.0,60
3,10.0,218.0,-13126.0,60
3,11.0,64.0,-23786.0,60
3,10.0,218.0,-13419.0,60
3,11.0,58.0,-24172.0,60
3,10.0,219.0,-13360.0,60
3,11.0,68.0,-23795.0,60
3,10.0,218.0,-13506.0,60
3,11.0,60.0,-24074.0,60
3,10.0,218.0,-13216.0,60
3,11.0,64.0,-23806.0,60
3,10.0,219.0,-13515.0,60
3,11.0,60.0,-24273.0,60
3,10.0,218.0,-13879.0,60
3,11.0,66.0,-23798.0,60
3,10.0,219.0,-13638.0,60
3,11.0,63.0,-23828.0,60
3,10.0,218.0,-13277.0,60
3,11.0,64.0,-23625.0,60
3,10.0,219.0,-13190.0,60
3,11.0,60.0,-24322.0,60
3,10.0,218.0,-13403.0,60
3,11.0,65.0,-23235.0,60
3,10.0,218.0,-13631.0,60
3,11.0,68.0,-23656.0,60
3,10.0,217.0,-13475.0,60
3,11.0,62.0,-24043.0,60
3,10.0,218.0,-13256.0,60
3,11.0,56.0,-24388.0,60
3,10.0,219.0,-13554.0,60
3,11.0,62.0,-23671.0,60
3,10.0,219.0,-13340.0,60
3,11.0,59.0,-23702.0,60
3,10.0,218.0,-13620.0,60
3,11.0,60.0,-23725.0,60
3,10.0,219.0,-13389.0,60
3,11.0,56.0,-24434.0,60
3,10.0,218.0,-13300.0,60
3,11.0,65.0,-23729.0,60
3,10.0,219.0,-13218.0,60
3,11.0,67.0,-23367.0,60
3,10.0,217.0,-13278.0,60
3,11.0,65.0,-24069.0,60
3,10.0,218.0,-13403.0,60
3,11.0,60.0,-24489.0,60
3,10.0,219.0,-13120.0,60
3,11.0,62.0,-23430.0,60
3,10.0,219.0,-13278.0,60
3,11.0,62.0,-24362.0,60
3,10.0,218.0,-13318.0,60
3,11.0,57.0,-23801.0,60
3,10.0,218.0,-13432.0,60
3,11.0,62.0,-23596.0,60
3,10.0,218.0,-13405.0,60
3,11.0,67.0,-22881.0,60
3,10.0,219.0,-13165.0,60
3,11.0,61.0,-24001.0,60
3,10.0,218.0,-13370.0,60
3,11.0,61.0,-23683.0,60
3,10.0,218.0,-13349.0,60
3,11.0,67.0,-23155.0,60
3,10.0,218.0,-13313.0,60
3,11.0,66.0,-22887.0,60
3,10.0,219.0,-13173.0,60
3,11.0,61.0,-24302.0,60
3,10.0,218.0,-13192.0,60
3,11.0,67.0,-23890.0,60
3,10.0,217.0,-13160.0,60
3,11.0,61.0,-24100.0,60
4,10.0,219.0,-13183.0,60
4,11.0,62.0,-23756.0,60
4,10.0,218.0,-13419.0,60
4,11.0,61.0,-24259.0,60
4,10.0,219.0,-13335.0,60
4,11.0,57.0,-24117.0,60
4,10.0,218.0,-13347.0,60
4,11.0,62.0,-23666.0,60
4,10.0,218.0,-13173.0,60
4,11.0,63.0,-23800.0,60
4,10.0,219.0,-13214.0,60
4,11.0,66.0,-23690.0,60
4,10.0,218.0,-13433.0,60
4,11.0,62.0,-24379.0,60
4,10.0,218.0,-13266.0,60
4,11.0,61.0,-23967.0,60
4,10.0,218.0,-13461.0,60
4,11.0,62.0,-24224.0,60
4,10.0,218.0,-13301.0,60
4,11.0,61.0,-24677.0,60
4,10.0,218.0,-13334.0,60
4,11.0,59.0,-24262.0,60
4,10.0,218.0,-13332.0,60
4,11.0,62.0,-23655.0,60
4,10.0,218.0,-13631.0,60
4,11.0,62.0,-24184.0,60
4,10.0,218.0,-13432.0,60
4,11.0,66.0,-23828.0,60
4,10.0,219.0,-13306.0,60
4,11.0,58.0,-24562.0,60
4,10.0,218.0,-13259.0,60
4,11.0,62.0,-23915.0,60
4,10.0,218.0,-13199.0,60
4,11.0,64.0,-23871.0,60
4,10.0,218.0,-13235.0,60
4,11.0,59.0,-24287.0,60
4,10.0,218.0,-13432.0,60
4,11.0,64.0,-24063.0,60
4,10.0,219.0,-13534.0,60
4,11.0,65.0,-23770.0,60
4,10.0,218.0,-13233.0,60
4,11.0,60.0,-24466.0,60
4,10.0,218.0,-13302.0,60
4,11.0,61.0,-23730.0,60
4,10.0,219.0,-13442.0,60
4,11.0,67.0,-23152.0,60
4,10.0,219.0,-13229.0,60
4,11.0,65.0,-23841.0,60
4,10.0,218.0,-12981.0,60
4,11.0,56.0,-24319.0,60
4,10.0,217.0,-13114.0,60
4,11.0,65.0,-23236.0,60
4,10.0,218.0,-13206.0,60
4,11.0,60.0,-24675.0,60
4,10.0,218.0,-13596.0,60
4,11.0,60.0,-24181.0,60
4,10.0,217.0,-13351.0,60
4,11.0,62.0,-24084.0,60
4,10.0,220.0,-13316.0,60
4,11.0,60.0,-23995.0,60
4,10.0,219.0,-13005.0,60
4,11.0,62.0,-24605.0,60
4,10.0,219.0,-13486.0,60
4,11.0,61.0,-23791.0,60
4,10.0,218.0,-13151.0,60
4,11.0,60.0,-24263.0,60
4,10.0,217.0,-13355.0,60
4,11.0,59.0,-24665.0,60
4,10.0,218.0,-13571.0,60
4,11.0,58.0,-24124.0,60
4,10.0,219.0,-13386.0,60
4,11.0,57.0,-24332.0,60
4,10.0,218.0,-13225.0,60
4,11.0,64.0,-23379.0,60
4,10.0,219.0,-13488.0,60
4,11.0,63.0,-23577.0,60
4,10.0,219.0,-13314.0,60
4,11.0,65.0,-23779.0,60
4,10.0,218.0,-13309.0,60
4,11.0,56.0,-24066.0,60
4,10.0,219.0,-13394.0,60
4,11.0,63.0,-23875.0,60
4,10.0,218.0,-13030.0,60
4,11.0,61.0,-23968.0,60
4,10.0,219.0,-13519.0,60
4,11.0,59.0,-24168.0,60
4,10.0,218.0,-13303.0,60
4,11.0,63.0,-23941.0,60
4,10.0,219.0,-12997.0,60
4,11.0,61.0,-24034.0,60
4,10.0,218.0,-13443.0,60
4,11.0,58.0,-23902.0,60
4,10.0,218.0,-13248.0,60
4,11.0,68.0,-22901.0,60
4,10.0,217.0,-13282.0,60
4,11.0,57.0,-24672.0,60
4,10.0,219.0,-13462.0,60
4,11.0,64.0,-23453.0,60
4,10.0,218.0,-13248.0,60
4,11.0,56.0,-24083.0,60
4,10.0,219.0,-13440.0,60
4,11.0,62.0,-24187.0,60
4,10.0,217.0,-13287.0,60
4,11.0,67.0,-23267.0,60
4,10.0,218.0,-13453.0,60
4,11.0,63.0,-23416.0,60
4,10.0,218.0,-13131.0,60
4,11.0,60.0,-23660.0,60
4,10.0,219.0,-13476.0,60
4,11.0,65.0,-23800.0,60
4,10.0,219.0,-13352.0,60
4,11.0,67.0,-24054.0,60
4,10.0,219.0,-13360.0,60
4,11.0,62.0,-23642.0,60
4,10.0,218.0,-13421.0,60
4,11.0,62.0,-23660.0,60
4,10.0,217.0,-13469.0,60
4,11.0,64.0,-23971.0,60
4,10.0,217.0,-13325.0,60
4,11.0,57.0,-24399.0,60
4,10.0,218.0,-13233.0,60
4,11.0,58.0,-24762.0,60
4,10.0,218.0,-13423.0,60
4,11.0,64.0,-23895.0,60
4,10.0,218.0,-13396.0,60
4,11.0,64.0,-23244.0,60
4,10.0,220.0,-13355.0,60
4,11.0,60.0,-24811.0,60
4,10.0,218.0,-13222.0,60
4,11.0,62.0,-23612.0,60
4,10.0,218.0,-13062.0,60
4,11.0,60.0,-23938.0,60
4,10.0,217.0,-13407.0,60
4,11.0,61.0,-23614.0,60
4,10.0,218.0,-13251.0,60
4,11.0,57.0,-24190.0,60
4,10.0,219.0,-13281.0,60
4,11.0,66.0,-23826.0,60
4,10.0,218.0,-13383.0,60
4,11.0,66.0,-23214.0,60
4,10.0,218.0,-13340.0,60
4,11.0,67.0,-23084.0,60
4,10.0,218.0,-13230.0,60
4,11.0,66.0,-23182.0,60
4,10.0,218.0,-13326.0,60
4,11.0,64.0,-23673.0,60
4,10.0,220.0,-13403.0,60
4,11.0,60.0,-23615.0,60
4,10.0,220.0,-13494.0,60
4,11.0,62.0,-24627.0,60
4,10.0,219.0,-13308.0,60
4,11.0,67.0,-23773.0,60
4,10.0,218.0,-13479.0,60
4,11.0,63.0,-23905.0,60
4,10.0,218.0,-13318.0,60
4,11.0,62.0,-23942.0,60
4,10.0,219.0,-13102.0,60
4,11.0,66.0,-23534.0,60
4,10.0,219.0,-13401.0,60
4,11.0,68.0,-23834.0,60
4,10.0,217.0,-13102.0,60
4,11.0,63.0,-23340.0,60
4,10.0,220.0,-13441.0,60
4,11.0,65.0,-23669.0,60
4,10.0,219.0,-13429.0,60
4,11.0,61.0,-24236.0,60
4,10.0,218.0,-13111.0,60
4,11.0,64.0,-23620.0,60
4,10.0,217.0,-13138.0,60
4,11.0,59.0,-24289.0,60
4,10.0,220.0,-13192.0,60
4,11.0,62.0,-23981.0,60
4,10.0,218.0,-13453.0,60
4,11.0,58.0,-24703.0,60
4,10.0,218.0,-13400.0,60
4,11.0,64.0,-23460.0,60
4,10.0,217.0,-13525.0,60
4,11.0,62.0,-23815.0,60
4,10.0,218.0,-13523.0,60
4,11.0,62.0,-23814.0,60
4,10.0,218.0,-13254.0,60
4,11.0,66.0,-23688.0,60
4,10.0,218.0,-13413.0,60
4,11.0,62.0,-24045.0,60
4,10.0,217.0,-13051.0,60
4,11.0,64.0,-23740.0,60
4,10.0,219.0,-13328.0,60
4,11.0,67.0,-23407.0,60
4,10.0,218.0,-13475.0,60
4,11.0,62.0,-23953.0,60
4,10.0,219.0,-13490.0,60
4,11.0,62.0,-23760.0,60
4,10.0,219.0,-13086.0,60
4,11.0,64.0,-23926.0,60
4,10.0,219.0,-13560.0,60
4,11.0,64.0,-24089.0,60
4,10.0,219.0,-13424.0,60
4,11.0,60.0,-24163.0,60
4,10.0,219.0,-13389.0,60
4,11.0,65.0,-23962.0,60
0,0.0,226.0,-9255.0,80
0,1.0,71.0,-9767.0,80
0,0.0,225.0,-9305.0,80
0,1.0,71.0,-9626.0,80
0,0.0,226.0,-8972.0,80
0,1.0,71.0,-9655.0,80
0,0.0,226.0,-9268.0,80
0,1.0,71.0,-9699.0,80
0,0.0,225.0,-9503.0,80
0,1.0,71.0,-9733.0,80
0,0.0,226.0,-9393.0,80
0,1.0,71.0,-9669.0,80
0,0.0,226.0,-9520.0,80
0,1.0,71.0,-9554.0,80
0,0.0,225.0,-9428.0,80
0,1.0,71.0,-9528.0,80
0,0.0,227.0,-9051.0,80
0,1.0,71.0,-9510.0,80
0,0.0,227.0,-9163.0,80
0,1.0,71.0,-9518.0,80
0,0.0,225.0,-9156.0,80
0,1.0,71.0,-9637.0,80
0,0.0,71.0,-10208.0,80
0,1.0,225.0,-10499.0,80
0,0.0,226.0,-8570.0,80
0,1.0,70.0,-9416.0,80
0,0.0,227.0,-7376.0,80
0,1.0,71.0,-15656.0,80
0,0.0,224.0,-7099.0,80
0,1.0,71.0,-11118.0,80
0,0.0,226.0,-8051.0,80
0,1.0,70.0,-18143.0,80
0,0.0,226.0,-7321.0,80
0,1.0,70.0,-9560.0,80
0,0.0,224.0,-9046.0,80
0,0.0,224.0,-7585.0,80
0,1.0,71.0,-11476.0,80
0,0.0,226.0,-7023.0,80
0,1.0,70.0,-11802.0,80
0,0.0,224.0,-7485.0,80
0,1.0,70.0,-12160.0,80
0,0.0,224.0,-7396.0,80
0,1.0,70.0,-12251.0,80
0,0.0,224.0,-7495.0,80
0,1.0,70.0,-12150.0,80
0,0.0,224.0,-7359.0,80
0,1.0,70.0,-12261.0,80
0,0.0,225.0,-7432.0,80
0,1.0,70.0,-11901.0,80
0,0.0,225.0,-7294.0,80
0,1.0,70.0,-11979.0,80
0,0.0,224.0,-7500.0,80
0,1.0,70.0,-11815.0,80
0,0.0,224.0,-7336.0,80
0,1.0,70.0,-12122.0,80
0,0.0,225.0,-7318.0,80
0,1.0,70.0,-11694.0,80
0,0.0,225.0,-7315.0,80
0,1.0,70.0,-11962.0,80
0,0.0,224.0,-7547.0,80
0,1.0,70.0,-12151.0,80
0,0.0,225.0,-7250.0,80
0,1.0,71.0,-12144.0,80
0,0.0,224.0,-7154.0,80
0,1.0,71.0,-12285.0,80
0,0.0,224.0,-7545.0,80
0,1.0,70.0,-15808.0,80
0,0.0,231.0,-13764.0,80
0,1.0,72.0,-15986.0,80
0,0.0,224.0,-9605.0,80
0,0.0,225.0,-8046.0,80
0,1.0,70.0,-9561.0,80
0,0.0,226.0,-8570.0,80
0,1.0,74.0,-18378.0,80
0,0.0,222.0,-13458.0,80
0,1.0,79.0,-17909.0,80
0,0.0,226.0,-6980.0,80
0,1.0,69.0,-12820.0,80
0,0.0,225.0,-7411.0,80
0,1.0,70.0,-9223.0,80
0,0.0,224.0,-10309.0,80
0,0.0,225.0,-7010.0,80
0,1.0,69.0,-12352.0,80
0,0.0,226.0,-6967.0,80
0,1.0,70.0,-9650.0,80
0,0.0,224.0,-10415.0,80
0,0.0,225.0,-8748.0,80
0,1.0,71.0,-9670.0,80
0,0.0,228.0,-8205.0,80
0,1.0,72.0,-14610.0,80
0,0.0,227.0,-8495.0,80
0,1.0,72.0,-9856.0,80
0,0.0,73.0,-13518.0,80
0,1.0,225.0,-15025.0,80
0,0.0,227.0,-11140.0,80
0,1.0,73.0,-12021.0,80
0,0.0,227.0,-12039.0,80
0,1.0,74.0,-12954.0,80
0,0.0,227.0,-11766.0,80
0,1.0,73.0,-12913.0,80
0,0.0,228.0,-11868.0,80
0,1.0,73.0,-12643.0,80
0,0.0,228.0,-11944.0,80
0,1.0,73.0,-12813.0,80
0,0.0,228.0,-11752.0,80
0,1.0,73.0,-12498.0,80
0,0.0,227.0,-12260.0,80
0,1.0,73.0,-12780.0,80
0,0.0,226.0,-11849.0,80
0,1.0,74.0,-12712.0,80
0,0.0,228.0,-11688.0,80
0,1.0,74.0,-12600.0,80
0,0.0,226.0,-12178.0,80
0,1.0,73.0,-12980.0,80
0,0.0,227.0,-12027.0,80
0,1.0,73.0,-12515.0,80
0,0.0,227.0,-12454.0,80
0,1.0,73.0,-12596.0,80
0,0.0,228.0,-12260.0,80
0,1.0,73.0,-12908.0,80
0,0.0,228.0,-11984.0,80
0,1.0,73.0,-12793.0,80
0,0.0,227.0,-11952.0,80
0,1.0,73.0,-12657.0,80
0,0.0,228.0,-12250.0,80
0,1.0,73.0,-13057.0,80
0,2.0,293.0,-15552.0,80
0,0.0,227.0,-12319.0,80
0,1.0,74.0,-12770.0,80
0,2.0,288.0,-21244.0,80
0,0.0,227.0,-11951.0,80
0,1.0,74.0,-12516.0,80
0,0.0,227.0,-12085.0,80
0,1.0,73.0,-12965.0,80
0,0.0,227.0,-12557.0,80
0,1.0,75.0,-12950.0,80
0,0.0,228.0,-11978.0,80
0,1.0,74.0,-12625.0,80
0,0.0,229.0,-11975.0,80
0,1.0,73.0,-13010.0,80
0,0.0,228.0,-12093.0,80
0,1.0,73.0,-13081.0,80
0,0.0,229.0,-11524.0,80
0,1.0,74.0,-12820.0,80
0,0.0,227.0,-12212.0,80
0,1.0,74.0,-12884.0,80
0,0.0,229.0,-11789.0,80
0,1.0,73.0,-12811.0,80
0,0.0,227.0,-12224.0,80
0,1.0,74.0,-12771.0,80
0,0.0,229.0,-11816.0,80
0,1.0,74.0,-12634.0,80
0,0.0,230.0,-12069.0,80
0,1.0,74.0,-12931.0,80
0,0.0,228.0,-12058.0,80
0,1.0,74.0,-12700.0,80
0,0.0,228.0,-12348.0,80
0,1.0,75.0,-13049.0,80
0,0.0,226.0,-12452.0,80
0,1.0,74.0,-13299.0,80
0,0.0,227.0,-12415.0,80
0,1.0,73.0,-12837.0,80
0,0.0,228.0,-12426.0,80
0,1.0,74.0,-12745.0,80
0,0.0,229.0,-12410.0,80
0,1.0,73.0,-12994.0,80
0,0.0,227.0,-12100.0,80
0,1.0,74.0,-12810.0,80
0,0.0,229.0,-12303.0,80
0,1.0,74.0,-13090.0,80
0,0.0,228.0,-12329.0,80
0,1.0,72.0,-12990.0,80
0,0.0,228.0,-12405.0,80
0,1.0,74.0,-13093.0,80
0,0.0,227.0,-12404.0,80
0,1.0,72.0,-13257.0,80
0,0.0,227.0,-12124.0,80
0,1.0,73.0,-13145.0,80
0,0.0,229.0,-12292.0,80
0,1.0,74.0,-13013.0,80
0,0.0,228.0,-12026.0,80
0,1.0,73.0,-13029.0,80
0,0.0,229.0,-12599.0,80
0,1.0,73.0,-13256.0,80
0,0.0,227.0,-12098.0,80
0,1.0,74.0,-12784.0,80
0,0.0,229.0,-12133.0,80
0,1.0,74.0,-13012.0,80
0,0.0,228.0,-12017.0,80
0,1.0,73.0,-12846.0,80
0,0.0,228.0,-11651.0,80
0,1.0,74.0,-12743.0,80
0,0.0,229.0,-12280.0,80
0,1.0,74.0,-12916.0,80
0,0.0,228.0,-11999.0,80
0,1.0,74.0,-12997.0,80
0,0.0,228.0,-12190.0,80
0,1.0,74.0,-13066.0,80
0,0.0,229.0,-12271.0,80
0,1.0,73.0,-12996.0,80
1,0.0,226.0,-8215.0,80
1,1.0,71.0,-12675.0,80
1,0.0,226.0,-9204.0,80
1,1.0,72.0,-17003.0,80
1,0.0,228.0,-7901.0,80
1,1.0,76.0,-17905.0,80
1,0.0,226.0,-10110.0,80
1,0.0,224.0,-10609.0,80
1,0.0,230.0,-8153.0,80
1,1.0,78.0,-17842.0,80
1,0.0,225.0,-9802.0,80
1,1.0,74.0,-20292.0,80
1,0.0,225.0,-10550.0,80
1,0.0,226.0,-10289.0,80
1,0.0,225.0,-10646.0,80
1,0.0,225.0,-10084.0,80
1,1.0,75.0,-22115.0,80
1,0.0,224.0,-10367.0,80
1,1.0,79.0,-22536.0,80
1,0.0,226.0,-10091.0,80
1,1.0,74.0,-22535.0,80
1,0.0,225.0,-10205.0,80
1,1.0,75.0,-21563.0,80
1,0.0,225.0,-10318.0,80
1,0.0,225.0,-10462.0,80
1,0.0,226.0,-10369.0,80
1,0.0,226.0,-10122.0,80
1,1.0,73.0,-21588.0,80
1,0.0,225.0,-10115.0,80
1,0.0,225.0,-10087.0,80
1,1.0,78.0,-22475.0,80
1,0.0,225.0,-10407.0,80
1,1.0,74.0,-21724.0,80
1,0.0,225.0,-10308.0,80
1,1.0,75.0,-22391.0,80
1,0.0,226.0,-10398.0,80
1,0.0,225.0,-10443.0,80
1,1.0,75.0,-22368.0,80
1,0.0,225.0,-10161.0,80
1,1.0,73.0,-22419.0,80
1,0.0,225.0,-10266.0,80
1,1.0,80.0,-21921.0,80
1,0.0,225.0,-10421.0,80
1,1.0,79.0,-22704.0,80
1,0.0,224.0,-10053.0,80
1,0.0,225.0,-10076.0,80
1,1.0,78.0,-21787.0,80
1,0.0,226.0,-10314.0,80
1,1.0,74.0,-21991.0,80
1,0.0,225.0,-10209.0,80
1,1.0,75.0,-21975.0,80
1,0.0,225.0,-10433.0,80
1,1.0,76.0,-22146.0,80
1,0.0,225.0,-10184.0,80
1,1.0,72.0,-22015.0,80
1,0.0,225.0,-10364.0,80
1,0.0,225.0,-10359.0,80
1,0.0,226.0,-10475.0,80
1,0.0,225.0,-10300.0,80
1,1.0,79.0,-22394.0,80
1,0.0,225.0,-10380.0,80
1,1.0,79.0,-22633.0,80
1,0.0,224.0,-10307.0,80
1,1.0,81.0,-22113.0,80
1,0.0,225.0,-10104.0,80
1,0.0,226.0,-10043.0,80
1,1.0,77.0,-22149.0,80
1,0.0,225.0,-10190.0,80
1,1.0,76.0,-21915.0,80
1,0.0,225.0,-10293.0,80
1,0.0,225.0,-10154.0,80
1,1.0,69.0,-22591.0,80
1,0.0,226.0,-10127.0,80
1,0.0,224.0,-10492.0,80
1,0.0,225.0,-10455.0,80
1,0.0,224.0,-10249.0,80
1,1.0,76.0,-21929.0,80
1,0.0,224.0,-10597.0,80
1,0.0,225.0,-10296.0,80
1,0.0,225.0,-10380.0,80
1,1.0,78.0,-22772.0,80
1,0.0,225.0,-10367.0,80
1,1.0,79.0,-22307.0,80
1,0.0,225.0,-10306.0,80
1,1.0,76.0,-22277.0,80
1,0.0,225.0,-10406.0,80
1,0.0,225.0,-10453.0,80
1,0.0,225.0,-10459.0,80
1,0.0,225.0,-10139.0,80
1,1.0,80.0,-22111.0,80
1,0.0,226.0,-10192.0,80
1,1.0,71.0,-22499.0,80
1,0.0,226.0,-10147.0,80
1,0.0,225.0,-10511.0,80
1,0.0,225.0,-10097.0,80
1,0.0,225.0,-9957.0,80
1,1.0,78.0,-21722.0,80
1,0.0,225.0,-10634.0,80
1,1.0,80.0,-22379.0,80
1,0.0,225.0,-10378.0,80
1,1.0,80.0,-22333.0,80
1,0.0,225.0,-10336.0,80
1,1.0,79.0,-22661.0,80
1,0.0,225.0,-10316.0,80
1,0.0,225.0,-10119.0,80
1,0.0,224.0,-10179.0,80
1,0.0,225.0,-10160.0,80
1,1.0,75.0,-21367.0,80
1,0.0,225.0,-10322.0,80
1,0.0,226.0,-10295.0,80
1,0.0,226.0,-10435.0,80
1,1.0,79.0,-22520.0,80
1,0.0,225.0,-10527.0,80
1,0.0,225.0,-10274.0,80
1,1.0,80.0,-22244.0,80
1,0.0,225.0,-10484.0,80
1,0.0,224.0,-10172.0,80
1,0.0,226.0,-10040.0,80
1,1.0,75.0,-22023.0,80
1,0.0,225.0,-10046.0,80
1,1.0,76.0,-21339.0,80
1,0.0,226.0,-9967.0,80
1,1.0,74.0,-22612.0,80
1,0.0,226.0,-10170.0,80
1,1.0,80.0,-21845.0,80
1,0.0,226.0,-10247.0,80
1,1.0,80.0,-22399.0,80
1,0.0,225.0,-10072.0,80
1,1.0,285.0,-22484.0,80
1,0.0,225.0,-10383.0,80
1,0.0,225.0,-10286.0,80
1,0.0,225.0,-10171.0,80
1,1.0,78.0,-22096.0,80
1,0.0,225.0,-10361.0,80
1,0.0,226.0,-10226.0,80
1,1.0,78.0,-22468.0,80
1,0.0,225.0,-10608.0,80
1,0.0,225.0,-10299.0,80
1,1.0,76.0,-21763.0,80
1,0.0,226.0,-10222.0,80
1,1.0,75.0,-22267.0,80
1,0.0,225.0,-10365.0,80
1,0.0,224.0,-10519.0,80
1,0.0,225.0,-10169.0,80
1,0.0,225.0,-10384.0,80
1,1.0,68.0,-23094.0,80
1,0.0,225.0,-10461.0,80
1,0.0,226.0,-10115.0,80
1,1.0,79.0,-21985.0,80
1,0.0,225.0,-10072.0,80
1,1.0,76.0,-21934.0,80
1,0.0,225.0,-10566.0,80
1,0.0,225.0,-10190.0,80
1,1.0,76.0,-21217.0,80
1,0.0,226.0,-10215.0,80
1,0.0,225.0,-10169.0,80
1,0.0,225.0,-10321.0,80
1,0.0,226.0,-9961.0,80
1,1.0,78.0,-21328.0,80
1,0.0,225.0,-10320.0,80
1,1.0,80.0,-22432.0,80
1,0.0,225.0,-10156.0,80
1,1.0,73.0,-21551.0,80
1,0.0,225.0,-10001.0,80
1,1.0,76.0,-22198.0,80
1,0.0,225.0,-10128.0,80
1,0.0,225.0,-10365.0,80
1,0.0,225.0,-10314.0,80
1,1.0,80.0,-22182.0,80
1,0.0,225.0,-10342.0,80
1,1.0,80.0,-22207.0,80
1,0.0,226.0,-10265.0,80
1,0.0,225.0,-10136.0,80
1,1.0,78.0,-21681.0,80
1,0.0,225.0,-10440.0,80
1,0.0,225.0,-10348.0,80
1,0.0,227.0,-10522.0,80
1,1.0,80.0,-22075.0,80
1,0.0,225.0,-10409.0,80
1,1.0,78.0,-22029.0,80
1,0.0,225.0,-10289.0,80
1,0.0,225.0,-10394.0,80
1,1.0,79.0,-21773.0,80
1,0.0,225.0,-10263.0,80
1,1.0,79.0,-21807.0,80
1,0.0,225.0,-10284.0,80
1,1.0,79.0,-22775.0,80
1,0.0,225.0,-10243.0,80
1,1.0,78.0,-21683.0,80
1,0.0,225.0,-9923.0,80
1,1.0,75.0,-21806.0,80
1,0.0,225.0,-10393.0,80
1,1.0,79.0,-22485.0,80
1,0.0,225.0,-10093.0,80
1,1.0,78.0,-22969.0,80
1,0.0,225.0,-10350.0,80
1,1.0,73.0,-22337.0,80
1,0.0,225.0,-10324.0,80
1,1.0,77.0,-22034.0,80
1,0.0,225.0,-9997.0,80
2,0.0,225.0,-10439.0,80
2,1.0,79.0,-22208.0,80
2,0.0,225.0,-9926.0,80
2,1.0,77.0,-22159.0,80
2,0.0,225.0,-10445.0,80
2,1.0,78.0,-22099.0,80
2,0.0,225.0,-10241.0,80
2,1.0,73.0,-21640.0,80
2,0.0,226.0,-10544.0,80
2,1.0,81.0,-22227.0,80
2,0.0,224.0,-10202.0,80
2,1.0,78.0,-21851.0,80
2,0.0,226.0,-10446.0,80
2,0.0,225.0,-10324.0,80
2,1.0,78.0,-22327.0,80
2,0.0,225.0,-10232.0,80
2,1.0,79.0,-21860.0,80
2,0.0,226.0,-10210.0,80
2,1.0,76.0,-21905.0,80
2,0.0,225.0,-10392.0,80
2,1.0,80.0,-21920.0,80
2,0.0,226.0,-10041.0,80
2,1.0,77.0,-21503.0,80
2,0.0,225.0,-10265.0,80
2,1.0,73.0,-21646.0,80
2,0.0,225.0,-10131.0,80
2,0.0,225.0,-10204.0,80
2,1.0,76.0,-21656.0,80
2,0.0,225.0,-9668.0,80
2,1.0,68.0,-21908.0,80
2,0.0,225.0,-10134.0,80
2,0.0,225.0,-10272.0,80
2,1.0,78.0,-22903.0,80
2,0.0,225.0,-10111.0,80
2,1.0,81.0,-22268.0,80
2,0.0,225.0,-10125.0,80
2,0.0,225.0,-10399.0,80
2,0.0,225.0,-10190.0,80
2,1.0,76.0,-21852.0,80
2,0.0,225.0,-10025.0,80
2,1.0,78.0,-22233.0,80
2,0.0,224.0,-10741.0,80
2,1.0,79.0,-22255.0,80
2,0.0,225.0,-10181.0,80
2,1.0,76.0,-21411.0,80
2,0.0,226.0,-10336.0,80
2,0.0,225.0,-10060.0,80
2,1.0,74.0,-21495.0,80
2,0.0,225.0,-10186.0,80
2,1.0,77.0,-21975.0,80
2,0.0,226.0,-10080.0,80
2,1.0,75.0,-21978.0,80
2,0.0,226.0,-10162.0,80
2,1.0,78.0,-22841.0,80
2,0.0,225.0,-10206.0,80
2,0.0,225.0,-10535.0,80
2,0.0,226.0,-10236.0,80
2,1.0,80.0,-21695.0,80
2,0.0,225.0,-10153.0,80
2,1.0,76.0,-21439.0,80
2,0.0,225.0,-10452.0,80
2,1.0,80.0,-21968.0,80
2,0.0,226.0,-10064.0,80
2,1.0,78.0,-21687.0,80
2,0.0,226.0,-10248.0,80
2,1.0,79.0,-22606.0,80
2,0.0,225.0,-10125.0,80
2,1.0,75.0,-22217.0,80
2,0.0,225.0,-10311.0,80
2,0.0,226.0,-9964.0,80
2,1.0,77.0,-21548.0,80
2,0.0,224.0,-10420.0,80
2,1.0,79.0,-22784.0,80
2,0.0,226.0,-10343.0,80
2,1.0,77.0,-21583.0,80
2,0.0,226.0,-10296.0,80
2,1.0,74.0,-22133.0,80
2,0.0,225.0,-10246.0,80
2,1.0,77.0,-22115.0,80
2,0.0,225.0,-10310.0,80
2,1.0,76.0,-21457.0,80
2,0.0,225.0,-10125.0,80
2,1.0,73.0,-21269.0,80
2,0.0,225.0,-10076.0,80
2,1.0,77.0,-21589.0,80
2,0.0,226.0,-10223.0,80
2,0.0,224.0,-10116.0,80
2,1.0,76.0,-21974.0,80
2,0.0,225.0,-10247.0,80
2,1.0,77.0,-21047.0,80
2,0.0,225.0,-10223.0,80
2,0.0,224.0,-10095.0,80
2,1.0,74.0,-21196.0,80
2,0.0,225.0,-10417.0,80
2,1.0,76.0,-22248.0,80
2,0.0,225.0,-10212.0,80
2,1.0,75.0,-22234.0,80
2,0.0,225.0,-10300.0,80
2,1.0,77.0,-21817.0,80
2,0.0,226.0,-10214.0,80
2,1.0,78.0,-22646.0,80
2,0.0,224.0,-10462.0,80
2,1.0,72.0,-22173.0,80
2,0.0,226.0,-10043.0,80
2,1.0,73.0,-21809.0,80
2,0.0,225.0,-10246.0,80
2,1.0,78.0,-22033.0,80
2,0.0,225.0,-10190.0,80
2,1.0,73.0,-22505.0,80
2,0.0,224.0,-10004.0,80
2,1.0,76.0,-21586.0,80
2,0.0,226.0,-10000.0,80
2,1.0,74.0,-22035.0,80
2,0.0,225.0,-10053.0,80
2,0.0,227.0,-10419.0,80
2,1.0,75.0,-21645.0,80
2,0.0,225.0,-10296.0,80
2,1.0,73.0,-21977.0,80
2,0.0,225.0,-10515.0,80
2,1.0,80.0,-22363.0,80
2,0.0,225.0,-10007.0,80
2,1.0,79.0,-21717.0,80
2,0.0,225.0,-10462.0,80
2,1.0,75.0,-21649.0,80
2,0.0,226.0,-10051.0,80
2,1.0,76.0,-22406.0,80
2,0.0,225.0,-10378.0,80
2,0.0,225.0,-10537.0,80
2,1.0,84.0,-22843.0,80
2,0.0,226.0,-10236.0,80
2,1.0,73.0,-22009.0,80
2,0.0,224.0,-10382.0,80
2,0.0,226.0,-10001.0,80
2,1.0,79.0,-22183.0,80
2,0.0,225.0,-10584.0,80
2,1.0,79.0,-22302.0,80
2,0.0,225.0,-10326.0,80
2,1.0,74.0,-21648.0,80
2,0.0,225.0,-9961.0,80
2,1.0,77.0,-21444.0,80
2,0.0,225.0,-10487.0,80
2,1.0,76.0,-22053.0,80
2,0.0,226.0,-10107.0,80
2,1.0,80.0,-21794.0,80
2,0.0,225.0,-10053.0,80
2,1.0,75.0,-22414.0,80
2,0.0,225.0,-10596.0,80
2,0.0,225.0,-10235.0,80
2,1.0,75.0,-21801.0,80
2,0.0,226.0,-10059.0,80
2,1.0,77.0,-21892.0,80
2,0.0,224.0,-10163.0,80
2,0.0,225.0,-10226.0,80
2,1.0,74.0,-21602.0,80
2,0.0,225.0,-10595.0,80
2,1.0,79.0,-22263.0,80
2,0.0,225.0,-9729.0,80
2,1.0,75.0,-21456.0,80
2,0.0,225.0,-10099.0,80
2,1.0,70.0,-21484.0,80
2,0.0,225.0,-10297.0,80
2,1.0,78.0,-22162.0,80
2,0.0,226.0,-10078.0,80
2,1.0,79.0,-21178.0,80
2,0.0,226.0,-10371.0,80
2,1.0,76.0,-22071.0,80
2,0.0,225.0,-10140.0,80
2,1.0,74.0,-22138.0,80
2,0.0,226.0,-10282.0,80
2,1.0,74.0,-22631.0,80
2,0.0,225.0,-10463.0,80
2,1.0,78.0,-21711.0,80
2,0.0,225.0,-10234.0,80
2,1.0,75.0,-21989.0,80
2,0.0,225.0,-10169.0,80
2,1.0,78.0,-21955.0,80
2,2.0,279.0,-22799.0,80
2,0.0,225.0,-10279.0,80
2,1.0,79.0,-21822.0,80
2,0.0,225.0,-10213.0,80
2,1.0,76.0,-21464.0,80
2,0.0,226.0,-10068.0,80
2,1.0,78.0,-22000.0,80
2,0.0,225.0,-10047.0,80
2,1.0,78.0,-22327.0,80
2,0.0,226.0,-10168.0,80
2,1.0,77.0,-21258.0,80
2,0.0,225.0,-10340.0,80
2,1.0,75.0,-21352.0,80
2,0.0,226.0,-10198.0,80
2,1.0,74.0,-22024.0,80
2,0.0,226.0,-9780.0,80
2,1.0,73.0,-20633.0,80
2,0.0,226.0,-10257.0,80
2,1.0,74.0,-21776.0,80
2,0.0,225.0,-10193.0,80
2,1.0,75.0,-22301.0,80
2,0.0,225.0,-10247.0,80
2,0.0,225.0,-10043.0,80
2,1.0,74.0,-21652.0,80
3,0.0,225.0,-10120.0,80
3,1.0,73.0,-21660.0,80
3,0.0,224.0,-10458.0,80
3,1.0,73.0,-22550.0,80
3,0.0,225.0,-9848.0,80
3,1.0,77.0,-21879.0,80
3,0.0,224.0,-10278.0,80
3,1.0,78.0,-22216.0,80
3,0.0,226.0,-9762.0,80
3,1.0,78.0,-22161.0,80
3,0.0,225.0,-10057.0,80
3,1.0,73.0,-22039.0,80
3,0.0,225.0,-9809.0,80
3,1.0,78.0,-21484.0,80
3,0.0,225.0,-9848.0,80
3,1.0,75.0,-21148.0,80
3,0.0,225.0,-10081.0,80
3,0.0,225.0,-10349.0,80
3,1.0,80.0,-21780.0,80
3,0.0,225.0,-9844.0,80
3,1.0,76.0,-22166.0,80
3,0.0,225.0,-9931.0,80
3,1.0,77.0,-22314.0,80
3,0.0,225.0,-10202.0,80
3,0.0,226.0,-10455.0,80
3,1.0,74.0,-21523.0,80
3,0.0,226.0,-10238.0,80
3,1.0,77.0,-21514.0,80
3,0.0,225.0,-10002.0,80
3,1.0,73.0,-21619.0,80
3,0.0,225.0,-9847.0,80
3,1.0,75.0,-21733.0,80
3,0.0,224.0,-10155.0,80
3,1.0,77.0,-21215.0,80
3,0.0,224.0,-10413.0,80
3,1.0,81.0,-22434.0,80
3,0.0,226.0,-9960.0,80
3,0.0,225.0,-10016.0,80
3,1.0,72.0,-21572.0,80
3,0.0,224.0,-10121.0,80
3,0.0,225.0,-10082.0,80
3,1.0,74.0,-21190.0,80
3,0.0,225.0,-10243.0,80
3,1.0,74.0,-21488.0,80
3,0.0,225.0,-10093.0,80
3,1.0,74.0,-22119.0,80
3,0.0,225.0,-10337.0,80
3,1.0,77.0,-21274.0,80
3,0.0,226.0,-10164.0,80
3,1.0,72.0,-21490.0,80
3,0.0,226.0,-9943.0,80
3,1.0,73.0,-22393.0,80
3,0.0,226.0,-9884.0,80
3,1.0,71.0,-22481.0,80
3,0.0,226.0,-10373.0,80
3,1.0,79.0,-21521.0,80
3,0.0,225.0,-10020.0,80
3,0.0,226.0,-10231.0,80
3,1.0,77.0,-21271.0,80
3,0.0,224.0,-10145.0,80
3,1.0,74.0,-22102.0,80
3,0.0,226.0,-9934.0,80
3,1.0,76.0,-21012.0,80
3,0.0,225.0,-10090.0,80
3,1.0,78.0,-21782.0,80
3,0.0,226.0,-10449.0,80
3,1.0,72.0,-22077.0,80
3,0.0,224.0,-10483.0,80
3,1.0,78.0,-22492.0,80
3,0.0,226.0,-10126.0,80
3,1.0,68.0,-21989.0,80
3,0.0,226.0,-10012.0,80
3,1.0,75.0,-21811.0,80
3,0.0,225.0,-10160.0,80
3,1.0,73.0,-22138.0,80
3,0.0,224.0,-10074.0,80
3,0.0,226.0,-9907.0,80
3,1.0,73.0,-21525.0,80
3,0.0,226.0,-10095.0,80
3,1.0,74.0,-22369.0,80
3,0.0,225.0,-10014.0,80
3,0.0,225.0,-9860.0,80
3,1.0,73.0,-20748.0,80
3,0.0,226.0,-10129.0,80
3,1.0,79.0,-21750.0,80
3,0.0,226.0,-10387.0,80
3,1.0,75.0,-21524.0,80
3,0.0,225.0,-10258.0,80
3,0.0,226.0,-10253.0,80
3,1.0,74.0,-21964.0,80
3,0.0,224.0,-10051.0,80
3,1.0,76.0,-22198.0,80
3,0.0,226.0,-10188.0,80
3,1.0,77.0,-21400.0,80
3,0.0,226.0,-10163.0,80
3,1.0,74.0,-21870.0,80
3,0.0,225.0,-10047.0,80
3,0.0,225.0,-10237.0,80
3,1.0,78.0,-22014.0,80
3,0.0,224.0,-10316.0,80
3,1.0,71.0,-21340.0,80
3,0.0,226.0,-9919.0,80
3,1.0,76.0,-21076.0,80
3,0.0,226.0,-10208.0,80
3,0.0,225.0,-10206.0,80
3,1.0,76.0,-22547.0,80
3,0.0,225.0,-10269.0,80
3,1.0,76.0,-22099.0,80
3,0.0,225.0,-10014.0,80
3,0.0,225.0,-9968.0,80
3,1.0,78.0,-21868.0,80
3,0.0,225.0,-10114.0,80
3,1.0,75.0,-21976.0,80
3,0.0,225.0,-10399.0,80
3,1.0,74.0,-22130.0,80
3,0.0,225.0,-9992.0,80
3,1.0,79.0,-20982.0,80
3,0.0,225.0,-10334.0,80
3,1.0,78.0,-22321.0,80
3,0.0,225.0,-10412.0,80
3,1.0,78.0,-21740.0,80
3,0.0,224.0,-10418.0,80
3,0.0,226.0,-10294.0,80
3,1.0,76.0,-21769.0,80
3,0.0,225.0,-10202.0,80
3,1.0,73.0,-20985.0,80
3,0.0,225.0,-9950.0,80
3,1.0,73.0,-21103.0,80
3,0.0,226.0,-10207.0,80
3,1.0,78.0,-22498.0,80
3,0.0,225.0,-10182.0,80
3,0.0,225.0,-10156.0,80
3,1.0,80.0,-22342.0,80
3,0.0,226.0,-10181.0,80
3,1.0,76.0,-21330.0,80
3,0.0,225.0,-10329.0,80
3,1.0,75.0,-22319.0,80
3,0.0,225.0,-10100.0,80
3,0.0,225.0,-9963.0,80
3,1.0,74.0,-21273.0,80
3,0.0,225.0,-10272.0,80
3,1.0,76.0,-21953.0,80
3,0.0,225.0,-10096.0,80
3,1.0,74.0,-21882.0,80
3,0.0,226.0,-10271.0,80
3,1.0,75.0,-21081.0,80
3,0.0,225.0,-10235.0,80
3,1.0,77.0,-22060.0,80
3,0.0,226.0,-10212.0,80
3,1.0,75.0,-22269.0,80
3,0.0,226.0,-9943.0,80
3,1.0,75.0,-20865.0,80
3,0.0,226.0,-10414.0,80
3,1.0,73.0,-21843.0,80
3,0.0,225.0,-10241.0,80
3,1.0,79.0,-21760.0,80
3,0.0,225.0,-10109.0,80
3,0.0,225.0,-9946.0,80
3,1.0,73.0,-21010.0,80
3,0.0,225.0,-10371.0,80
3,1.0,78.0,-21613.0,80
3,0.0,226.0,-10272.0,80
3,1.0,79.0,-21540.0,80
3,0.0,225.0,-10267.0,80
3,0.0,226.0,-9894.0,80
3,1.0,71.0,-21430.0,80
3,0.0,224.0,-10213.0,80
3,1.0,79.0,-21930.0,80
3,0.0,226.0,-10367.0,80
3,1.0,80.0,-22245.0,80
3,0.0,225.0,-10140.0,80
3,1.0,76.0,-22307.0,80
3,0.0,226.0,-10038.0,80
3,1.0,78.0,-21974.0,80
3,0.0,225.0,-10308.0,80
3,1.0,75.0,-21888.0,80
3,0.0,225.0,-10157.0,80
3,1.0,78.0,-20992.0,80
3,0.0,225.0,-10250.0,80
3,1.0,76.0,-21450.0,80
3,0.0,225.0,-10084.0,80
3,1.0,76.0,-21438.0,80
3,0.0,225.0,-9721.0,80
3,1.0,73.0,-21966.0,80
3,0.0,226.0,-9662.0,80
3,1.0,77.0,-20585.0,80
3,0.0,225.0,-10197.0,80
3,1.0,79.0,-22266.0,80
3,0.0,225.0,-9954.0,80
3,1.0,71.0,-21463.0,80
3,0.0,226.0,-10069.0,80
3,1.0,72.0,-21925.0,80
3,0.0,225.0,-9930.0,80
3,1.0,76.0,-21525.0,80
3,0.0,224.0,-10138.0,80
3,0.0,225.0,-10199.0,80
3,1.0,77.0,-20889.0,80
3,0.0,225.0,-10588.0,80
3,0.0,225.0,-10124.0,80
3,1.0,78.0,-21342.0,80
4,0.0,226.0,-10080.0,80
4,1.0,76.0,-22228.0,80
4,0.0,226.0,-10027.0,80
4,1.0,76.0,-20829.0,80
4,0.0,225.0,-10018.0,80
4,0.0,226.0,-10014.0,80
4,1.0,78.0,-22227.0,80
4,0.0,226.0,-9860.0,80
4,1.0,75.0,-21113.0,80
4,0.0,225.0,-10236.0,80
4,1.0,78.0,-21123.0,80
4,0.0,225.0,-10065.0,80
4,1.0,77.0,-21559.0,80
4,0.0,225.0,-10189.0,80
4,1.0,72.0,-22164.0,80
4,0.0,225.0,-9959.0,80
4,1.0,69.0,-21515.0,80
4,0.0,225.0,-9883.0,80
4,1.0,75.0,-21239.0,80
4,0.0,225.0,-10632.0,80
4,1.0,76.0,-21955.0,80
4,0.0,226.0,-10266.0,80
4,1.0,77.0,-21661.0,80
4,0.0,225.0,-10145.0,80
4,1.0,78.0,-21190.0,80
4,0.0,226.0,-9992.0,80
4,1.0,78.0,-21309.0,80
4,0.0,225.0,-10118.0,80
4,1.0,72.0,-22233.0,80
4,0.0,225.0,-10266.0,80
4,1.0,79.0,-22530.0,80
4,0.0,224.0,-9771.0,80
4,1.0,77.0,-21534.0,80
4,0.0,225.0,-10076.0,80
4,1.0,73.0,-21461.0,80
4,0.0,226.0,-10186.0,80
4,1.0,76.0,-21653.0,80
4,0.0,226.0,-9966.0,80
4,1.0,76.0,-21644.0,80
4,0.0,226.0,-9760.0,80
4,1.0,80.0,-22489.0,80
4,0.0,226.0,-10454.0,80
4,1.0,79.0,-21521.0,80
4,0.0,225.0,-10154.0,80
4,1.0,77.0,-21967.0,80
4,0.0,225.0,-10000.0,80
4,1.0,76.0,-21603.0,80
4,0.0,224.0,-10110.0,80
4,1.0,79.0,-21087.0,80
4,0.0,225.0,-10107.0,80
4,1.0,75.0,-21543.0,80
4,0.0,225.0,-10340.0,80
4,0.0,225.0,-9901.0,80
4,1.0,77.0,-21893.0,80
4,0.0,226.0,-10040.0,80
4,1.0,78.0,-21747.0,80
4,0.0,226.0,-10067.0,80
4,1.0,74.0,-21841.0,80
4,0.0,225.0,-10324.0,80
4,1.0,78.0,-22703.0,80
4,0.0,225.0,-10283.0,80
4,1.0,75.0,-21854.0,80
4,0.0,226.0,-10202.0,80
4,0.0,224.0,-10066.0,80
4,1.0,75.0,-21237.0,80
4,0.0,225.0,-10133.0,80
4,1.0,79.0,-21142.0,80
4,0.0,225.0,-10109.0,80
4,1.0,71.0,-21681.0,80
4,0.0,225.0,-10356.0,80
4,1.0,78.0,-21978.0,80
4,0.0,225.0,-10215.0,80
4,1.0,77.0,-21697.0,80
4,0.0,226.0,-10089.0,80
4,1.0,72.0,-20950.0,80
4,0.0,225.0,-10346.0,80
4,0.0,225.0,-9944.0,80
4,1.0,80.0,-21618.0,80
4,0.0,225.0,-10370.0,80
4,0.0,225.0,-10291.0,80
4,1.0,77.0,-21873.0,80
4,0.0,225.0,-10287.0,80
4,1.0,82.0,-22217.0,80
4,0.0,225.0,-10178.0,80
4,1.0,78.0,-21819.0,80
4,0.0,224.0,-10097.0,80
4,1.0,79.0,-21501.0,80
4,0.0,225.0,-10279.0,80
4,1.0,75.0,-21663.0,80
4,0.0,225.0,-9892.0,80
4,1.0,77.0,-21893.0,80
4,0.0,225.0,-9966.0,80
4,1.0,67.0,-21660.0,80
4,0.0,224.0,-10437.0,80
4,1.0,78.0,-21441.0,80
4,0.0,226.0,-10004.0,80
4,1.0,74.0,-22194.0,80
4,0.0,225.0,-10385.0,80
4,0.0,225.0,-10224.0,80
4,1.0,78.0,-21808.0,80
4,0.0,226.0,-9886.0,80
4,1.0,81.0,-21657.0,80
4,0.0,224.0,-10504.0,80
4,1.0,77.0,-21974.0,80
4,0.0,226.0,-10116.0,80
4,1.0,78.0,-21516.0,80
4,0.0,226.0,-10025.0,80
4,1.0,78.0,-21772.0,80
4,0.0,226.0,-10163.0,80
4,1.0,73.0,-22155.0,80
4,0.0,226.0,-10353.0,80
4,1.0,78.0,-22131.0,80
4,0.0,225.0,-10392.0,80
4,1.0,79.0,-22428.0,80
4,0.0,226.0,-9950.0,80
4,1.0,76.0,-21136.0,80
4,0.0,226.0,-10101.0,80
4,1.0,77.0,-20897.0,80
4,0.0,226.0,-9941.0,80
4,1.0,76.0,-20591.0,80
4,0.0,226.0,-9959.0,80
4,1.0,66.0,-22219.0,80
4,0.0,225.0,-10197.0,80
4,1.0,77.0,-21813.0,80
4,0.0,225.0,-10440.0,80
4,1.0,78.0,-21319.0,80
4,0.0,225.0,-10263.0,80
4,1.0,76.0,-21017.0,80
4,0.0,225.0,-9879.0,80
4,1.0,76.0,-20696.0,80
4,2.0,276.0,-23617.0,80
4,0.0,226.0,-10053.0,80
4,1.0,75.0,-21895.0,80
4,0.0,225.0,-10187.0,80
4,1.0,81.0,-22068.0,80
4,0.0,225.0,-10389.0,80
4,1.0,78.0,-21570.0,80
4,0.0,226.0,-10229.0,80
4,1.0,79.0,-21559.0,80
4,0.0,225.0,-10119.0,80
4,0.0,226.0,-10111.0,80
4,1.0,76.0,-21769.0,80
4,0.0,226.0,-10035.0,80
4,1.0,74.0,-21705.0,80
4,0.0,226.0,-10067.0,80
4,1.0,75.0,-21741.0,80
4,0.0,225.0,-10147.0,80
4,0.0,225.0,-10143.0,80
4,1.0,76.0,-21323.0,80
4,0.0,225.0,-10055.0,80
4,0.0,225.0,-9995.0,80
4,1.0,73.0,-21721.0,80
4,0.0,226.0,-10186.0,80
4,1.0,76.0,-22512.0,80
4,0.0,225.0,-10268.0,80
4,1.0,75.0,-21778.0,80
4,0.0,225.0,-10207.0,80
4,1.0,76.0,-21628.0,80
4,0.0,225.0,-10107.0,80
4,1.0,78.0,-21485.0,80
4,0.0,224.0,-10348.0,80
4,1.0,77.0,-21990.0,80
4,0.0,226.0,-10044.0,80
4,0.0,225.0,-10594.0,80
4,1.0,76.0,-21536.0,80
4,0.0,225.0,-10090.0,80
4,1.0,69.0,-21252.0,80
4,0.0,226.0,-10212.0,80
4,1.0,75.0,-21683.0,80
4,0.0,226.0,-10208.0,80
4,1.0,68.0,-21531.0,80
4,0.0,225.0,-9928.0,80
4,1.0,79.0,-21801.0,80
4,0.0,225.0,-10469.0,80
4,1.0,75.0,-22327.0,80
4,0.0,225.0,-10338.0,80
4,1.0,75.0,-21972.0,80
4,0.0,225.0,-10302.0,80
4,1.0,73.0,-22374.0,80
4,0.0,224.0,-10146.0,80
4,1.0,80.0,-22084.0,80
4,0.0,225.0,-10071.0,80
4,1.0,80.0,-21714.0,80
4,0.0,225.0,-10539.0,80
4,1.0,78.0,-20689.0,80
4,0.0,225.0,-10159.0,80
4,1.0,78.0,-21598.0,80
4,0.0,225.0,-10383.0,80
4,1.0,80.0,-22492.0,80
4,0.0,225.0,-10219.0,80
4,1.0,74.0,-21695.0,80
4,0.0,225.0,-10129.0,80
4,1.0,78.0,-21309.0,80
4,0.0,227.0,-10063.0,80
4,1.0,79.0,-21189.0,80
4,0.0,225.0,-10369.0,80
4,1.0,71.0,-21771.0,80
4,0.0,226.0,-10304.0,80
4,1.0,75.0,-22065.0,80
4,0.0,226.0,-10298.0,80
0,0.0,223.0,-7522.0,70
0,1.0,64.0,-16734.0,70
0,2.0,283.0,-21770.0,70
0,0.0,222.0,-7396.0,70
0,1.0,64.0,-17564.0,70
0,2.0,291.0,-19558.0,70
0,0.0,222.0,-7499.0,70
0,1.0,64.0,-16995.0,70
0,2.0,284.0,-20698.0,70
0,0.0,223.0,-7808.0,70
0,1.0,64.0,-16970.0,70
0,0.0,223.0,-7186.0,70
0,1.0,63.0,-17358.0,70
0,0.0,222.0,-7740.0,70
0,1.0,64.0,-16864.0,70
0,0.0,222.0,-7717.0,70
0,1.0,63.0,-17083.0,70
0,0.0,221.0,-7673.0,70
0,1.0,64.0,-16793.0,70
0,0.0,223.0,-7660.0,70
0,1.0,64.0,-17006.0,70
0,2.0,287.0,-20596.0,70
0,0.0,223.0,-7335.0,70
0,1.0,64.0,-17386.0,70
0,0.0,222.0,-7629.0,70
0,1.0,63.0,-17171.0,70
0,2.0,292.0,-22201.0,70
0,0.0,223.0,-7305.0,70
0,1.0,65.0,-16820.0,70
0,0.0,223.0,-7620.0,70
0,1.0,62.0,-16765.0,70
0,2.0,292.0,-19522.0,70
0,0.0,222.0,-7436.0,70
0,1.0,63.0,-17482.0,70
0,0.0,222.0,-7622.0,70
0,1.0,65.0,-17663.0,70
0,0.0,222.0,-7371.0,70
0,1.0,65.0,-17448.0,70
0,0.0,223.0,-7325.0,70
0,1.0,64.0,-17116.0,70
0,2.0,291.0,-19770.0,70
0,0.0,223.0,-7536.0,70
0,1.0,65.0,-17550.0,70
0,0.0,223.0,-7359.0,70
0,1.0,64.0,-17284.0,70
0,0.0,223.0,-7324.0,70
0,1.0,65.0,-17317.0,70
0,2.0,287.0,-21046.0,70
0,0.0,222.0,-7865.0,70
0,1.0,65.0,-17811.0,70
0,0.0,222.0,-7464.0,70
0,1.0,64.0,-16715.0,70
0,0.0,223.0,-7380.0,70
0,1.0,65.0,-17371.0,70
0,2.0,271.0,-20692.0,70
0,0.0,223.0,-7442.0,70
0,1.0,65.0,-16908.0,70
0,2.0,291.0,-20560.0,70
0,0.0,223.0,-7439.0,70
0,1.0,64.0,-17314.0,70
0,2.0,286.0,-22344.0,70
0,0.0,223.0,-7688.0,70
0,1.0,64.0,-17824.0,70
0,0.0,221.0,-7652.0,70
0,1.0,63.0,-17070.0,70
0,2.0,287.0,-21257.0,70
0,0.0,223.0,-7406.0,70
0,1.0,63.0,-16648.0,70
0,0.0,222.0,-7411.0,70
0,1.0,65.0,-17389.0,70
0,2.0,287.0,-21743.0,70
0,0.0,223.0,-7554.0,70
0,1.0,63.0,-17037.0,70
0,0.0,223.0,-7753.0,70
0,1.0,64.0,-17161.0,70
0,0.0,223.0,-7546.0,70
0,1.0,65.0,-16684.0,70
0,2.0,285.0,-20447.0,70
0,0.0,223.0,-7580.0,70
0,1.0,64.0,-16870.0,70
0,2.0,276.0,-21118.0,70
0,0.0,223.0,-7409.0,70
0,1.0,66.0,-17701.0,70
0,2.0,281.0,-21595.0,70
0,0.0,223.0,-7455.0,70
0,1.0,63.0,-17086.0,70
0,2.0,285.0,-20483.0,70
0,0.0,223.0,-7586.0,70
0,1.0,64.0,-16807.0,70
0,0.0,222.0,-7830.0,70
0,1.0,65.0,-17778.0,70
0,2.0,290.0,-20832.0,70
0,0.0,222.0,-7749.0,70
0,1.0,64.0,-17290.0,70
0,2.0,286.0,-21449.0,70
0,0.0,223.0,-7555.0,70
0,1.0,65.0,-17033.0,70
0,0.0,222.0,-7423.0,70
0,1.0,64.0,-17230.0,70
0,0.0,223.0,-7668.0,70
0,1.0,63.0,-17242.0,70
0,2.0,284.0,-21630.0,70
0,0.0,223.0,-7584.0,70
0,1.0,63.0,-17158.0,70
0,2.0,292.0,-19178.0,70
0,0.0,222.0,-7521.0,70
0,1.0,65.0,-17522.0,70
0,2.0,276.0,-21428.0,70
0,0.0,223.0,-7468.0,70
0,1.0,66.0,-17718.0,70
0,0.0,223.0,-7673.0,70
0,1.0,64.0,-17855.0,70
0,2.0,290.0,-20380.0,70
0,0.0,223.0,-7436.0,70
0,1.0,64.0,-17307.0,70
0,2.0,292.0,-20122.0,70
0,0.0,223.0,-7401.0,70
0,1.0,64.0,-16858.0,70
0,2.0,272.0,-21032.0,70
0,0.0,223.0,-7864.0,70
0,1.0,65.0,-18263.0,70
0,0.0,222.0,-7360.0,70
0,1.0,66.0,-17694.0,70
0,2.0,292.0,-21013.0,70
0,0.0,223.0,-7269.0,70
0,1.0,65.0,-16920.0,70
0,2.0,288.0,-19898.0,70
0,0.0,222.0,-7418.0,70
0,1.0,65.0,-17173.0,70
0,2.0,274.0,-21619.0,70
0,0.0,222.0,-7612.0,70
0,1.0,64.0,-17375.0,70
0,0.0,222.0,-7524.0,70
0,1.0,64.0,-17124.0,70
0,0.0,223.0,-7545.0,70
0,1.0,65.0,-17485.0,70
0,0.0,223.0,-7520.0,70
0,1.0,64.0,-17150.0,70
0,2.0,274.0,-20765.0,70
0,0.0,222.0,-7303.0,70
0,1.0,65.0,-16946.0,70
0,2.0,282.0,-21650.0,70
0,0.0,223.0,-7355.0,70
0,1.0,64.0,-17480.0,70
0,0.0,222.0,-7577.0,70
0,1.0,64.0,-17522.0,70
0,2.0,285.0,-21084.0,70
0,0.0,223.0,-7304.0,70
0,1.0,64.0,-16843.0,70
0,0.0,223.0,-7814.0,70
0,1.0,63.0,-17218.0,70
0,2.0,292.0,-20275.0,70
0,0.0,222.0,-7749.0,70
0,1.0,65.0,-17534.0,70
0,0.0,222.0,-7454.0,70
0,1.0,66.0,-17254.0,70
0,0.0,223.0,-7458.0,70
0,1.0,66.0,-18037.0,70
0,0.0,222.0,-7596.0,70
0,1.0,66.0,-17237.0,70
0,0.0,222.0,-7286.0,70
0,1.0,64.0,-16982.0,70
0,2.0,287.0,-21866.0,70
0,0.0,223.0,-7316.0,70
0,1.0,66.0,-17172.0,70
0,2.0,293.0,-19108.0,70
0,0.0,223.0,-7667.0,70
0,1.0,63.0,-17575.0,70
0,0.0,223.0,-7421.0,70
0,1.0,64.0,-17040.0,70
0,0.0,224.0,-7567.0,70
0,1.0,63.0,-17157.0,70
0,2.0,287.0,-21229.0,70
0,0.0,223.0,-7385.0,70
0,1.0,64.0,-17519.0,70
0,0.0,223.0,-7584.0,70
0,1.0,64.0,-16654.0,70
0,2.0,286.0,-19631.0,70
0,0.0,224.0,-7490.0,70
0,1.0,65.0,-17278.0,70
0,2.0,285.0,-19926.0,70
0,0.0,222.0,-7718.0,70
0,1.0,63.0,-16499.0,70
0,2.0,284.0,-20238.0,70
0,0.0,223.0,-7678.0,70
0,1.0,64.0,-17058.0,70
0,0.0,222.0,-7426.0,70
0,1.0,64.0,-16810.0,70
0,2.0,276.0,-23142.0,70
0,0.0,222.0,-7836.0,70
0,1.0,63.0,-17237.0,70
0,0.0,223.0,-7722.0,70
0,1.0,66.0,-17074.0,70
0,0.0,222.0,-7535.0,70
0,1.0,66.0,-16829.0,70
0,2.0,293.0,-19509.0,70
0,0.0,223.0,-7380.0,70
0,1.0,63.0,-16674.0,70
0,2.0,292.0,-20494.0,70
0,0.0,222.0,-7572.0,70
1,0.0,223.0,-7362.0,70
1,1.0,62.0,-17493.0,70
1,0.0,223.0,-7570.0,70
1,1.0,64.0,-17609.0,70
1,0.0,222.0,-7654.0,70
1,1.0,65.0,-17413.0,70
1,2.0,277.0,-22450.0,70
1,0.0,223.0,-7626.0,70
1,1.0,63.0,-17545.0,70
1,0.0,223.0,-7323.0,70
1,1.0,64.0,-17317.0,70
1,0.0,223.0,-7556.0,70
1,1.0,64.0,-17512.0,70
1,0.0,223.0,-7515.0,70
1,1.0,63.0,-17040.0,70
1,0.0,223.0,-7594.0,70
1,1.0,63.0,-17034.0,70
1,2.0,270.0,-20446.0,70
1,0.0,222.0,-7325.0,70
1,1.0,66.0,-17566.0,70
1,2.0,269.0,-23637.0,70
1,0.0,223.0,-7960.0,70
1,1.0,65.0,-17590.0,70
1,2.0,287.0,-19986.0,70
1,0.0,222.0,-7400.0,70
1,1.0,64.0,-16960.0,70
1,0.0,222.0,-7469.0,70
1,1.0,65.0,-17068.0,70
1,0.0,222.0,-7572.0,70
1,1.0,65.0,-17676.0,70
1,2.0,285.0,-19720.0,70
1,0.0,223.0,-7431.0,70
1,1.0,65.0,-17241.0,70
1,0.0,223.0,-7538.0,70
1,1.0,64.0,-17506.0,70
1,0.0,221.0,-7598.0,70
1,1.0,63.0,-16833.0,70
1,0.0,223.0,-7667.0,70
1,1.0,65.0,-17689.0,70
1,0.0,223.0,-9047.0,70
1,1.0,72.0,-18746.0,70
1,2.0,280.0,-20008.0,70
1,0.0,222.0,-6764.0,70
1,1.0,65.0,-10488.0,70
1,2.0,291.0,-16797.0,70
1,0.0,222.0,-8942.0,70
1,1.0,72.0,-19333.0,70
1,2.0,283.0,-19789.0,70
1,0.0,225.0,-10572.0,70
1,1.0,71.0,-15573.0,70
1,0.0,224.0,-7675.0,70
1,1.0,64.0,-17236.0,70
1,2.0,284.0,-20948.0,70
1,0.0,223.0,-7208.0,70
1,1.0,64.0,-15696.0,70
1,0.0,223.0,-8013.0,70
1,1.0,66.0,-19294.0,70
1,0.0,224.0,-9719.0,70
1,1.0,74.0,-17275.0,70
1,0.0,224.0,-9707.0,70
1,1.0,72.0,-18054.0,70
1,0.0,224.0,-9389.0,70
1,1.0,72.0,-17649.0,70
1,2.0,288.0,-20861.0,70
1,0.0,223.0,-9347.0,70
1,1.0,73.0,-17879.0,70
1,2.0,273.0,-22487.0,70
1,0.0,225.0,-9142.0,70
1,1.0,73.0,-18151.0,70
1,0.0,223.0,-9451.0,70
1,1.0,73.0,-17755.0,70
1,0.0,223.0,-9335.0,70
1,1.0,73.0,-17713.0,70
1,0.0,224.0,-9341.0,70
1,1.0,72.0,-17073.0,70
1,2.0,290.0,-20029.0,70
1,0.0,224.0,-9562.0,70
1,1.0,74.0,-17857.0,70
1,2.0,281.0,-21997.0,70
1,0.0,224.0,-9204.0,70
1,1.0,72.0,-18011.0,70
1,0.0,223.0,-9227.0,70
1,1.0,73.0,-17965.0,70
1,0.0,225.0,-9406.0,70
1,1.0,73.0,-18301.0,70
1,2.0,287.0,-21405.0,70
1,0.0,225.0,-9590.0,70
1,1.0,73.0,-17339.0,70
1,2.0,284.0,-21758.0,70
1,0.0,223.0,-9664.0,70
1,1.0,73.0,-18171.0,70
1,0.0,223.0,-9478.0,70
1,1.0,74.0,-17561.0,70
1,2.0,280.0,-22754.0,70
1,0.0,224.0,-9239.0,70
1,1.0,74.0,-17899.0,70
1,2.0,286.0,-22639.0,70
1,0.0,225.0,-9408.0,70
1,1.0,74.0,-18226.0,70
1,2.0,282.0,-21547.0,70
1,0.0,223.0,-9588.0,70
1,1.0,73.0,-17959.0,70
1,2.0,289.0,-21600.0,70
1,0.0,224.0,-9297.0,70
1,1.0,73.0,-18407.0,70
1,2.0,279.0,-21505.0,70
1,0.0,224.0,-9193.0,70
1,1.0,74.0,-18160.0,70
1,0.0,224.0,-9690.0,70
1,1.0,72.0,-17999.0,70
1,0.0,224.0,-9768.0,70
1,1.0,72.0,-17470.0,70
1,2.0,287.0,-21053.0,70
1,0.0,224.0,-9355.0,70
1,1.0,73.0,-18262.0,70
1,0.0,224.0,-9572.0,70
1,1.0,73.0,-16869.0,70
1,2.0,285.0,-21835.0,70
1,0.0,223.0,-9367.0,70
1,1.0,73.0,-17712.0,70
1,2.0,272.0,-22717.0,70
1,0.0,224.0,-9523.0,70
1,1.0,73.0,-17742.0,70
1,0.0,224.0,-9610.0,70
1,1.0,73.0,-17549.0,70
1,0.0,224.0,-9171.0,70
1,1.0,74.0,-17867.0,70
1,0.0,224.0,-9508.0,70
1,1.0,73.0,-18303.0,70
1,0.0,223.0,-9387.0,70
1,1.0,73.0,-17231.0,70
1,0.0,224.0,-9429.0,70
1,1.0,73.0,-17359.0,70
1,2.0,282.0,-21420.0,70
1,0.0,224.0,-9732.0,70
1,1.0,73.0,-17754.0,70
1,0.0,224.0,-9487.0,70
1,1.0,74.0,-18067.0,70
1,2.0,277.0,-22447.0,70
1,0.0,224.0,-9458.0,70
1,1.0,73.0,-18364.0,70
1,2.0,280.0,-22339.0,70
1,0.0,223.0,-9609.0,70
1,1.0,74.0,-18064.0,70
1,0.0,224.0,-9345.0,70
1,1.0,73.0,-17416.0,70
1,0.0,224.0,-9386.0,70
1,1.0,72.0,-17895.0,70
1,2.0,283.0,-21837.0,70
1,0.0,223.0,-9489.0,70
1,1.0,73.0,-17746.0,70
1,0.0,224.0,-9523.0,70
1,1.0,73.0,-17981.0,70
1,0.0,224.0,-9381.0,70
1,1.0,73.0,-18003.0,70
1,2.0,287.0,-20672.0,70
1,0.0,223.0,-9480.0,70
1,1.0,74.0,-18053.0,70
1,2.0,292.0,-22142.0,70
1,0.0,223.0,-9518.0,70
1,1.0,73.0,-17615.0,70
1,0.0,224.0,-9286.0,70
1,1.0,73.0,-17356.0,70
1,0.0,224.0,-9770.0,70
1,1.0,74.0,-17593.0,70
1,0.0,224.0,-9228.0,70
1,1.0,73.0,-18111.0,70
1,2.0,287.0,-20198.0,70
1,0.0,224.0,-9300.0,70
1,1.0,74.0,-17675.0,70
1,0.0,224.0,-9154.0,70
1,1.0,74.0,-18266.0,70
1,0.0,224.0,-9456.0,70
1,1.0,73.0,-17277.0,70
1,0.0,223.0,-9461.0,70
1,1.0,72.0,-17748.0,70
1,2.0,274.0,-21852.0,70
1,0.0,224.0,-9378.0,70
1,1.0,73.0,-18020.0,70
1,0.0,224.0,-9401.0,70
1,1.0,74.0,-17871.0,70
1,0.0,224.0,-9302.0,70
1,1.0,73.0,-17542.0,70
1,0.0,223.0,-9677.0,70
1,1.0,73.0,-17717.0,70
1,0.0,224.0,-9044.0,70
1,1.0,72.0,-17799.0,70
1,0.0,223.0,-9830.0,70
1,1.0,73.0,-17800.0,70
1,0.0,224.0,-9454.0,70
1,1.0,74.0,-17685.0,70
1,0.0,224.0,-9293.0,70
1,1.0,73.0,-17774.0,70
1,0.0,223.0,-9637.0,70
1,1.0,73.0,-17821.0,70
1,2.0,280.0,-21098.0,70
1,0.0,224.0,-9182.0,70
1,1.0,73.0,-17486.0,70
1,0.0,224.0,-9511.0,70
1,1.0,73.0,-17782.0,70
2,0.0,224.0,-9404.0,70
2,1.0,73.0,-18210.0,70
2,2.0,274.0,-21932.0,70
2,0.0,224.0,-9784.0,70
2,1.0,74.0,-17182.0,70
2,0.0,223.0,-9205.0,70
2,1.0,73.0,-17831.0,70
2,0.0,224.0,-9088.0,70
2,1.0,73.0,-17823.0,70
2,0.0,225.0,-9372.0,70
2,1.0,74.0,-17512.0,70
2,0.0,224.0,-9001.0,70
2,1.0,73.0,-17779.0,70
2,0.0,223.0,-9662.0,70
2,1.0,73.0,-18047.0,70
2,2.0,275.0,-23592.0,70
2,0.0,224.0,-9450.0,70
2,1.0,74.0,-17687.0,70
2,2.0,278.0,-21397.0,70
2,0.0,225.0,-9247.0,70
2,1.0,73.0,-17916.0,70
2,0.0,223.0,-9561.0,70
2,1.0,73.0,-17813.0,70
2,0.0,224.0,-9503.0,70
2,1.0,72.0,-17259.0,70
2,0.0,223.0,-9547.0,70
2,1.0,73.0,-18231.0,70
2,2.0,273.0,-22464.0,70
2,0.0,224.0,-9411.0,70
2,1.0,74.0,-17603.0,70
2,0.0,224.0,-9350.0,70
2,1.0,73.0,-17874.0,70
2,0.0,224.0,-9306.0,70
2,1.0,73.0,-17652.0,70
2,0.0,224.0,-9381.0,70
2,1.0,73.0,-17275.0,70
2,0.0,224.0,-9590.0,70
2,1.0,72.0,-17827.0,70
2,0.0,224.0,-9419.0,70
2,1.0,74.0,-17659.0,70
2,0.0,225.0,-9274.0,70
2,1.0,73.0,-18069.0,70
2,0.0,224.0,-9346.0,70
2,1.0,73.0,-17831.0,70
2,0.0,224.0,-9397.0,70
2,1.0,73.0,-17974.0,70
2,2.0,285.0,-21897.0,70
2,0.0,224.0,-9422.0,70
2,1.0,72.0,-17434.0,70
2,2.0,290.0,-21867.0,70
2,0.0,224.0,-9197.0,70
2,1.0,73.0,-17711.0,70
2,0.0,223.0,-9222.0,70
2,1.0,73.0,-18100.0,70
2,0.0,224.0,-9331.0,70
2,1.0,73.0,-17831.0,70
2,2.0,268.0,-22856.0,70
2,0.0,224.0,-9634.0,70
2,1.0,72.0,-17502.0,70
2,0.0,224.0,-9724.0,70
2,1.0,73.0,-17348.0,70
2,0.0,224.0,-9491.0,70
2,1.0,74.0,-17682.0,70
2,0.0,224.0,-9365.0,70
2,1.0,73.0,-17661.0,70
2,2.0,278.0,-21194.0,70
2,0.0,225.0,-9512.0,70
2,1.0,73.0,-17266.0,70
2,0.0,224.0,-9265.0,70
2,1.0,73.0,-17784.0,70
2,0.0,224.0,-9450.0,70
2,1.0,73.0,-17614.0,70
2,2.0,278.0,-22142.0,70
2,0.0,223.0,-9469.0,70
2,1.0,74.0,-17649.0,70
2,0.0,224.0,-9406.0,70
2,1.0,73.0,-18249.0,70
2,0.0,224.0,-9283.0,70
2,1.0,73.0,-17951.0,70
2,2.0,273.0,-23370.0,70
2,0.0,224.0,-9666.0,70
2,1.0,73.0,-17419.0,70
2,0.0,223.0,-9661.0,70
2,1.0,74.0,-17613.0,70
2,2.0,291.0,-20621.0,70
2,0.0,224.0,-9388.0,70
2,1.0,74.0,-18051.0,70
2,0.0,224.0,-9462.0,70
2,1.0,72.0,-17776.0,70
2,0.0,224.0,-9222.0,70
2,1.0,73.0,-17659.0,70
2,0.0,224.0,-9392.0,70
2,1.0,73.0,-18092.0,70
2,2.0,274.0,-23244.0,70
2,0.0,224.0,-9296.0,70
2,1.0,73.0,-17555.0,70
2,0.0,223.0,-9589.0,70
2,1.0,73.0,-17479.0,70
2,2.0,285.0,-21074.0,70
2,0.0,224.0,-9555.0,70
2,1.0,73.0,-17896.0,70
2,0.0,224.0,-9307.0,70
2,1.0,72.0,-17953.0,70
2,2.0,285.0,-21340.0,70
2,0.0,223.0,-9563.0,70
2,1.0,74.0,-17417.0,70
2,2.0,282.0,-22455.0,70
2,0.0,225.0,-9385.0,70
2,1.0,73.0,-17599.0,70
2,0.0,224.0,-9418.0,70
2,1.0,74.0,-18325.0,70
2,2.0,275.0,-22947.0,70
2,0.0,224.0,-9610.0,70
2,1.0,73.0,-17518.0,70
2,0.0,225.0,-9639.0,70
2,1.0,74.0,-17315.0,70
2,2.0,280.0,-23052.0,70
2,0.0,224.0,-9397.0,70
2,1.0,73.0,-17266.0,70
2,0.0,224.0,-9641.0,70
2,1.0,72.0,-17086.0,70
2,0.0,224.0,-9555.0,70
2,1.0,74.0,-17839.0,70
2,0.0,224.0,-9244.0,70
2,1.0,74.0,-17487.0,70
2,0.0,224.0,-9279.0,70
2,1.0,73.0,-17945.0,70
2,2.0,285.0,-22097.0,70
2,0.0,224.0,-9280.0,70
2,1.0,74.0,-18060.0,70
2,2.0,281.0,-21491.0,70
2,0.0,224.0,-9490.0,70
2,1.0,73.0,-17643.0,70
2,2.0,291.0,-20806.0,70
2,0.0,224.0,-9507.0,70
2,1.0,74.0,-17888.0,70
2,0.0,224.0,-9434.0,70
2,1.0,74.0,-18129.0,70
2,2.0,276.0,-21845.0,70
2,0.0,224.0,-9373.0,70
2,1.0,73.0,-18086.0,70
2,0.0,225.0,-9544.0,70
2,1.0,74.0,-17493.0,70
2,2.0,275.0,-23151.0,70
2,0.0,223.0,-9727.0,70
2,1.0,73.0,-17599.0,70
2,0.0,223.0,-9263.0,70
2,1.0,73.0,-17810.0,70
2,0.0,224.0,-9800.0,70
2,1.0,73.0,-17798.0,70
2,2.0,287.0,-22881.0,70
2,0.0,225.0,-9474.0,70
2,1.0,72.0,-17376.0,70
2,2.0,275.0,-20673.0,70
2,0.0,224.0,-9503.0,70
2,1.0,74.0,-17910.0,70
2,0.0,224.0,-9671.0,70
2,1.0,74.0,-17005.0,70
2,2.0,283.0,-21718.0,70
2,0.0,224.0,-9369.0,70
2,1.0,74.0,-17594.0,70
2,0.0,224.0,-9500.0,70
2,1.0,73.0,-17429.0,70
2,0.0,223.0,-9537.0,70
2,1.0,73.0,-17684.0,70
2,0.0,223.0,-9579.0,70
2,1.0,74.0,-17800.0,70
2,0.0,224.0,-9320.0,70
2,1.0,74.0,-17789.0,70
2,2.0,284.0,-22651.0,70
2,0.0,224.0,-9368.0,70
2,1.0,73.0,-17827.0,70
2,0.0,224.0,-9631.0,70
2,1.0,73.0,-17350.0,70
2,0.0,223.0,-9839.0,70
2,1.0,74.0,-17411.0,70
2,0.0,223.0,-9509.0,70
2,1.0,73.0,-17409.0,70
2,0.0,225.0,-9354.0,70
2,1.0,73.0,-17481.0,70
2,0.0,224.0,-9649.0,70
2,1.0,72.0,-17756.0,70
2,2.0,278.0,-21897.0,70
2,0.0,224.0,-9269.0,70
2,1.0,73.0,-17335.0,70
2,0.0,224.0,-9483.0,70
2,1.0,73.0,-17723.0,70
2,0.0,224.0,-9240.0,70
2,1.0,74.0,-17755.0,70
2,0.0,224.0,-9563.0,70
2,1.0,73.0,-17761.0,70
2,0.0,223.0,-9732.0,70
2,1.0,73.0,-17718.0,70
2,0.0,225.0,-9376.0,70
2,1.0,73.0,-17452.0,70
2,2.0,291.0,-22242.0,70
2,0.0,224.0,-9624.0,70
2,1.0,73.0,-18241.0,70
2,0.0,224.0,-9349.0,70
2,1.0,74.0,-17836.0,70
3,0.0,225.0,-9816.0,70
3,1.0,73.0,-17736.0,70
3,0.0,224.0,-9668.0,70
3,1.0,73.0,-17965.0,70
3,0.0,225.0,-9585.0,70
3,1.0,73.0,-18053.0,70
3,0.0,224.0,-9501.0,70
3,1.0,73.0,-17440.0,70
3,0.0,225.0,-9428.0,70
3,1.0,74.0,-17802.0,70
3,2.0,281.0,-22092.0,70
3,0.0,223.0,-9284.0,70
3,1.0,74.0,-17718.0,70
3,2.0,286.0,-22504.0,70
3,0.0,224.0,-9384.0,70
3,1.0,73.0,-17473.0,70
3,0.0,223.0,-9428.0,70
3,1.0,72.0,-17590.0,70
3,2.0,280.0,-21821.0,70
3,0.0,224.0,-9225.0,70
3,1.0,73.0,-18057.0,70
3,2.0,280.0,-21493.0,70
3,0.0,224.0,-9525.0,70
3,1.0,74.0,-17238.0,70
3,2.0,287.0,-21116.0,70
3,0.0,224.0,-9203.0,70
3,1.0,73.0,-17832.0,70
3,2.0,292.0,-21311.0,70
3,0.0,224.0,-9397.0,70
3,1.0,73.0,-17818.0,70
3,2.0,287.0,-22231.0,70
3,0.0,224.0,-9573.0,70
3,1.0,73.0,-17652.0,70
3,0.0,224.0,-9552.0,70
3,1.0,75.0,-17889.0,70
3,0.0,224.0,-9364.0,70
3,1.0,72.0,-17778.0,70
3,0.0,224.0,-9568.0,70
3,1.0,72.0,-18019.0,70
3,0.0,224.0,-9607.0,70
3,1.0,73.0,-17159.0,70
3,0.0,224.0,-9402.0,70
3,1.0,72.0,-17521.0,70
3,0.0,224.0,-9351.0,70
3,1.0,73.0,-17961.0,70
3,2.0,284.0,-22408.0,70
3,0.0,224.0,-9475.0,70
3,1.0,73.0,-17972.0,70
3,0.0,224.0,-9224.0,70
3,1.0,73.0,-18411.0,70
3,0.0,224.0,-9516.0,70
3,1.0,73.0,-17382.0,70
3,0.0,224.0,-9485.0,70
3,1.0,73.0,-17194.0,70
3,2.0,283.0,-22683.0,70
3,0.0,224.0,-9767.0,70
3,1.0,73.0,-17761.0,70
3,2.0,276.0,-22615.0,70
3,0.0,224.0,-9490.0,70
3,1.0,73.0,-17493.0,70
3,0.0,224.0,-9504.0,70
3,1.0,73.0,-17627.0,70
3,2.0,276.0,-22437.0,70
3,0.0,224.0,-9284.0,70
3,1.0,73.0,-17435.0,70
3,2.0,274.0,-21814.0,70
3,0.0,224.0,-9600.0,70
3,1.0,74.0,-17727.0,70
3,0.0,223.0,-9318.0,70
3,1.0,73.0,-18149.0,70
3,0.0,224.0,-9335.0,70
3,1.0,74.0,-17648.0,70
3,0.0,224.0,-9409.0,70
3,1.0,73.0,-17429.0,70
3,0.0,224.0,-9185.0,70
3,1.0,73.0,-18670.0,70
3,0.0,223.0,-9497.0,70
3,1.0,74.0,-17401.0,70
3,0.0,223.0,-9460.0,70
3,1.0,73.0,-17752.0,70
3,0.0,224.0,-9539.0,70
3,1.0,74.0,-18209.0,70
3,0.0,223.0,-9626.0,70
3,1.0,72.0,-17028.0,70
3,0.0,225.0,-9805.0,70
3,1.0,73.0,-17437.0,70
3,0.0,224.0,-9202.0,70
3,1.0,73.0,-17320.0,70
3,2.0,282.0,-21633.0,70
3,0.0,224.0,-9589.0,70
3,1.0,72.0,-17323.0,70
3,0.0,225.0,-9412.0,70
3,1.0,74.0,-17147.0,70
3,2.0,281.0,-21447.0,70
3,0.0,223.0,-9462.0,70
3,1.0,73.0,-17754.0,70
3,0.0,224.0,-9307.0,70
3,1.0,73.0,-17768.0,70
3,0.0,223.0,-9437.0,70
3,1.0,73.0,-17329.0,70
3,0.0,224.0,-9240.0,70
3,1.0,73.0,-18295.0,70
3,0.0,223.0,-9196.0,70
3,1.0,73.0,-17883.0,70
3,0.0,223.0,-9319.0,70
3,1.0,72.0,-17718.0,70
3,0.0,225.0,-9241.0,70
3,1.0,73.0,-17281.0,70
3,0.0,223.0,-9302.0,70
3,1.0,73.0,-17473.0,70
3,2.0,291.0,-21569.0,70
3,0.0,223.0,-9624.0,70
3,1.0,73.0,-17729.0,70
3,2.0,289.0,-21200.0,70
3,0.0,223.0,-9476.0,70
3,1.0,73.0,-17712.0,70
3,2.0,284.0,-21390.0,70
3,0.0,224.0,-9594.0,70
3,1.0,73.0,-17649.0,70
3,0.0,224.0,-9523.0,70
3,1.0,72.0,-17723.0,70
3,0.0,224.0,-9605.0,70
3,1.0,73.0,-17939.0,70
3,2.0,275.0,-22495.0,70
3,0.0,223.0,-9453.0,70
3,1.0,73.0,-18602.0,70
3,0.0,223.0,-9430.0,70
3,1.0,72.0,-17880.0,70
3,2.0,290.0,-20323.0,70
3,0.0,223.0,-9757.0,70
3,1.0,73.0,-17376.0,70
3,0.0,224.0,-9347.0,70
3,1.0,74.0,-18136.0,70
3,0.0,223.0,-9595.0,70
3,1.0,72.0,-17741.0,70
3,0.0,223.0,-9332.0,70
3,1.0,73.0,-17132.0,70
3,0.0,224.0,-9510.0,70
3,1.0,74.0,-18017.0,70
3,0.0,224.0,-9385.0,70
3,1.0,73.0,-17488.0,70
3,2.0,285.0,-20525.0,70
3,0.0,224.0,-9435.0,70
3,1.0,73.0,-17667.0,70
3,0.0,224.0,-9861.0,70
3,1.0,73.0,-17267.0,70
3,0.0,224.0,-9412.0,70
3,1.0,73.0,-18168.0,70
3,0.0,225.0,-9572.0,70
3,1.0,73.0,-17808.0,70
3,0.0,225.0,-9308.0,70
3,1.0,73.0,-17841.0,70
3,0.0,223.0,-9515.0,70
3,1.0,73.0,-17700.0,70
3,2.0,288.0,-20773.0,70
3,0.0,225.0,-9207.0,70
3,1.0,74.0,-17716.0,70
3,0.0,224.0,-9373.0,70
3,1.0,73.0,-18313.0,70
3,0.0,224.0,-9261.0,70
3,1.0,73.0,-17735.0,70
3,0.0,224.0,-9481.0,70
3,1.0,74.0,-17778.0,70
3,0.0,224.0,-9307.0,70
3,1.0,75.0,-17686.0,70
3,0.0,224.0,-9262.0,70
3,1.0,74.0,-18330.0,70
3,0.0,225.0,-9098.0,70
3,1.0,73.0,-18253.0,70
3,0.0,224.0,-9609.0,70
3,1.0,73.0,-17207.0,70
3,2.0,280.0,-22781.0,70
3,0.0,224.0,-9433.0,70
3,1.0,74.0,-17296.0,70
3,2.0,278.0,-20928.0,70
3,0.0,224.0,-9730.0,70
3,1.0,73.0,-17737.0,70
3,0.0,224.0,-9635.0,70
3,1.0,73.0,-17767.0,70
3,0.0,224.0,-9512.0,70
3,1.0,74.0,-17271.0,70
3,0.0,223.0,-9544.0,70
3,1.0,73.0,-18180.0,70
3,0.0,223.0,-9617.0,70
3,1.0,73.0,-17610.0,70
3,0.0,224.0,-9647.0,70
3,1.0,72.0,-17884.0,70
3,0.0,224.0,-9278.0,70
3,1.0,73.0,-17964.0,70
3,0.0,224.0,-9651.0,70
3,1.0,73.0,-17518.0,70
3,0.0,224.0,-9322.0,70
3,1.0,74.0,-17543.0,70
3,2.0,275.0,-22969.0,70
3,0.0,225.0,-9525.0,70
3,1.0,73.0,-17461.0,70
3,0.0,224.0,-9474.0,70
3,1.0,73.0,-17480.0,70
3,2.0,292.0,-21167.0,70
3,0.0,224.0,-9467.0,70
4,0.0,224.0,-9410.0,70
4,1.0,73.0,-18131.0,70
4,2.0,276.0,-22988.0,70
4,0.0,225.0,-9447.0,70
4,1.0,73.0,-17728.0,70
4,2.0,280.0,-21661.0,70
4,0.0,224.0,-9385.0,70
4,1.0,74.0,-17133.0,70
4,0.0,224.0,-9631.0,70
4,1.0,72.0,-17573.0,70
4,0.0,224.0,-9683.0,70
4,1.0,73.0,-17717.0,70
4,2.0,270.0,-22820.0,70
4,0.0,224.0,-9481.0,70
4,1.0,74.0,-17561.0,70
4,0.0,224.0,-9219.0,70
4,1.0,73.0,-17468.0,70
4,2.0,292.0,-20546.0,70
4,0.0,224.0,-9656.0,70
4,1.0,73.0,-17208.0,70
4,0.0,224.0,-9345.0,70
4,1.0,74.0,-17997.0,70
4,0.0,224.0,-9278.0,70
4,1.0,74.0,-17804.0,70
4,0.0,224.0,-9542.0,70
4,1.0,73.0,-17714.0,70
4,2.0,280.0,-22859.0,70
4,0.0,224.0,-9497.0,70
4,1.0,73.0,-17681.0,70
4,0.0,224.0,-9908.0,70
4,1.0,73.0,-17950.0,70
4,0.0,223.0,-9498.0,70
4,1.0,73.0,-17947.0,70
4,0.0,224.0,-9356.0,70
4,1.0,73.0,-17765.0,70
4,0.0,224.0,-9360.0,70
4,1.0,73.0,-17648.0,70
4,0.0,224.0,-9651.0,70
4,1.0,73.0,-17735.0,70
4,2.0,276.0,-21939.0,70
4,0.0,224.0,-9412.0,70
4,1.0,73.0,-17852.0,70
4,2.0,280.0,-20547.0,70
4,0.0,223.0,-9618.0,70
4,1.0,74.0,-17536.0,70
4,0.0,224.0,-9335.0,70
4,1.0,72.0,-17437.0,70
4,0.0,224.0,-9604.0,70
4,1.0,73.0,-17213.0,70
4,2.0,282.0,-20619.0,70
4,0.0,223.0,-9709.0,70
4,1.0,72.0,-17150.0,70
4,0.0,224.0,-9650.0,70
4,1.0,73.0,-16941.0,70
4,2.0,291.0,-21442.0,70
4,0.0,223.0,-9430.0,70
4,1.0,72.0,-17544.0,70
4,0.0,225.0,-9483.0,70
4,1.0,74.0,-17583.0,70
4,2.0,291.0,-21744.0,70
4,0.0,224.0,-9527.0,70
4,1.0,73.0,-17610.0,70
4,0.0,224.0,-9362.0,70
4,1.0,74.0,-17969.0,70
4,0.0,224.0,-9708.0,70
4,1.0,74.0,-17776.0,70
4,0.0,224.0,-9833.0,70
4,1.0,73.0,-17476.0,70
4,0.0,224.0,-9299.0,70
4,1.0,73.0,-17171.0,70
4,2.0,281.0,-22638.0,70
4,0.0,225.0,-9435.0,70
4,1.0,73.0,-17433.0,70
4,0.0,224.0,-9540.0,70
4,1.0,72.0,-17475.0,70
4,2.0,292.0,-21418.0,70
4,0.0,224.0,-9378.0,70
4,1.0,73.0,-18300.0,70
4,0.0,224.0,-9411.0,70
4,1.0,73.0,-17317.0,70
4,2.0,283.0,-22470.0,70
4,0.0,223.0,-9551.0,70
4,1.0,73.0,-17636.0,70
4,0.0,224.0,-9374.0,70
4,1.0,72.0,-17377.0,70
4,0.0,223.0,-9579.0,70
4,1.0,74.0,-17486.0,70
4,2.0,285.0,-21517.0,70
4,0.0,225.0,-9388.0,70
4,1.0,74.0,-17567.0,70
4,0.0,224.0,-9604.0,70
4,1.0,72.0,-17381.0,70
4,0.0,224.0,-9250.0,70
4,1.0,72.0,-17745.0,70
4,2.0,279.0,-22770.0,70
4,0.0,223.0,-9601.0,70
4,1.0,73.0,-16878.0,70
4,0.0,223.0,-9290.0,70
4,1.0,72.0,-17890.0,70
4,0.0,223.0,-9499.0,70
4,1.0,72.0,-17205.0,70
4,0.0,224.0,-9574.0,70
4,1.0,73.0,-17635.0,70
4,0.0,225.0,-9693.0,70
4,1.0,72.0,-17631.0,70
4,0.0,224.0,-9371.0,70
4,1.0,74.0,-17692.0,70
4,0.0,223.0,-9552.0,70
4,1.0,72.0,-17761.0,70
4,0.0,224.0,-9679.0,70
4,1.0,73.0,-17340.0,70
4,0.0,224.0,-9482.0,70
4,1.0,73.0,-17960.0,70
4,0.0,224.0,-9689.0,70
4,1.0,73.0,-16962.0,70
4,0.0,224.0,-9602.0,70
4,1.0,73.0,-18003.0,70
4,0.0,224.0,-9898.0,70
4,1.0,74.0,-17160.0,70
4,0.0,225.0,-9345.0,70
4,1.0,72.0,-17935.0,70
4,0.0,224.0,-9438.0,70
4,1.0,73.0,-18079.0,70
4,0.0,224.0,-9480.0,70
4,1.0,74.0,-17683.0,70
4,0.0,223.0,-9516.0,70
4,1.0,73.0,-17341.0,70
4,0.0,224.0,-9781.0,70
4,1.0,74.0,-16955.0,70
4,0.0,225.0,-9385.0,70
4,1.0,73.0,-17989.0,70
4,0.0,224.0,-9170.0,70
4,1.0,73.0,-17810.0,70
4,2.0,279.0,-23154.0,70
4,0.0,225.0,-9510.0,70
4,1.0,73.0,-17682.0,70
4,0.0,224.0,-9724.0,70
4,1.0,73.0,-17502.0,70
4,0.0,225.0,-9656.0,70
4,1.0,73.0,-17376.0,70
4,0.0,224.0,-9555.0,70
4,1.0,72.0,-17407.0,70
4,0.0,225.0,-9436.0,70
4,1.0,74.0,-17739.0,70
4,0.0,225.0,-9519.0,70
4,1.0,73.0,-17740.0,70
4,2.0,284.0,-22411.0,70
4,0.0,224.0,-9404.0,70
4,1.0,73.0,-18397.0,70
4,0.0,224.0,-9422.0,70
4,1.0,73.0,-17797.0,70
4,0.0,225.0,-9384.0,70
4,1.0,73.0,-17772.0,70
4,2.0,290.0,-21472.0,70
4,0.0,224.0,-9447.0,70
4,1.0,73.0,-17322.0,70
4,0.0,223.0,-10025.0,70
4,1.0,73.0,-17156.0,70
4,0.0,225.0,-9430.0,70
4,1.0,73.0,-17070.0,70
4,2.0,275.0,-22874.0,70
4,0.0,224.0,-9417.0,70
4,1.0,73.0,-17369.0,70
4,0.0,224.0,-9438.0,70
4,1.0,74.0,-17653.0,70
4,0.0,225.0,-9549.0,70
4,1.0,74.0,-17786.0,70
4,2.0,274.0,-22673.0,70
4,0.0,224.0,-9320.0,70
4,1.0,73.0,-17701.0,70
4,0.0,224.0,-9292.0,70
4,1.0,73.0,-17819.0,70
4,0.0,223.0,-9529.0,70
4,1.0,72.0,-17205.0,70
4,0.0,225.0,-9324.0,70
4,1.0,73.0,-17512.0,70
4,0.0,224.0,-9157.0,70
4,1.0,73.0,-17918.0,70
4,0.0,224.0,-9771.0,70
4,1.0,74.0,-17629.0,70
4,0.0,224.0,-9261.0,70
4,1.0,74.0,-17901.0,70
4,0.0,224.0,-9651.0,70
4,1.0,73.0,-17524.0,70
4,0.0,225.0,-9410.0,70
4,1.0,73.0,-17126.0,70
4,0.0,224.0,-9530.0,70
4,1.0,73.0,-17063.0,70
4,0.0,224.0,-9791.0,70
4,1.0,74.0,-17586.0,70
4,0.0,223.0,-9636.0,70
4,1.0,72.0,-17425.0,70
4,0.0,224.0,-9563.0,70
4,1.0,73.0,-17459.0,70
4,0.0,224.0,-9235.0,70
4,1.0,74.0,-17646.0,70
4,2.0,286.0,-20817.0,70
4,0.0,224.0,-9272.0,70
4,1.0,74.0,-17448.0,70
4,0.0,224.0,-9928.0,70
0,0.0,61.0,-8396.0,60
0,1.0,209.0,-13209.0,60
0,0.0,61.0,-8328.0,60
0,1.0,208.0,-13331.0,60
0,0.0,61.0,-8429.0,60
0,1.0,207.0,-12846.0,60
0,0.0,60.0,-8357.0,60
0,1.0,208.0,-12947.0,60
0,0.0,61.0,-8405.0,60
0,1.0,208.0,-12938.0,60
0,0.0,61.0,-8265.0,60
0,1.0,208.0,-12572.0,60
0,0.0,60.0,-8493.0,60
0,1.0,208.0,-13218.0,60
0,0.0,61.0,-8409.0,60
0,1.0,207.0,-13295.0,60
0,0.0,61.0,-8331.0,60
0,1.0,208.0,-12908.0,60
0,0.0,61.0,-8426.0,60
0,1.0,207.0,-13157.0,60
0,0.0,61.0,-8578.0,60
0,1.0,209.0,-13406.0,60
0,0.0,60.0,-8362.0,60
0,1.0,207.0,-13052.0,60
0,0.0,61.0,-8493.0,60
0,1.0,208.0,-13086.0,60
0,0.0,60.0,-8463.0,60
0,1.0,208.0,-13082.0,60
0,0.0,60.0,-8327.0,60
0,1.0,209.0,-13136.0,60
0,0.0,61.0,-8450.0,60
0,1.0,208.0,-13127.0,60
0,0.0,61.0,-8484.0,60
0,1.0,208.0,-13270.0,60
0,0.0,60.0,-8264.0,60
0,1.0,208.0,-12935.0,60
0,0.0,61.0,-8361.0,60
0,1.0,207.0,-13102.0,60
0,0.0,61.0,-8472.0,60
0,1.0,207.0,-13380.0,60
0,0.0,61.0,-8402.0,60
0,1.0,207.0,-13450.0,60
0,0.0,61.0,-8303.0,60
0,1.0,208.0,-12922.0,60
0,0.0,61.0,-8252.0,60
0,1.0,209.0,-12596.0,60
0,0.0,60.0,-8303.0,60
0,1.0,209.0,-13097.0,60
0,0.0,60.0,-8327.0,60
0,1.0,208.0,-13362.0,60
0,0.0,61.0,-8409.0,60
0,1.0,207.0,-13085.0,60
0,0.0,61.0,-8448.0,60
0,1.0,208.0,-13322.0,60
0,0.0,60.0,-8474.0,60
0,1.0,208.0,-13592.0,60
0,0.0,61.0,-8375.0,60
0,1.0,207.0,-12984.0,60
0,0.0,60.0,-8402.0,60
0,1.0,209.0,-12839.0,60
0,0.0,214.0,-7672.0,60
0,1.0,59.0,-9094.0,60
0,0.0,217.0,-10600.0,60
0,1.0,59.0,-11135.0,60
0,0.0,213.0,-7153.0,60
0,1.0,58.0,-10043.0,60
0,0.0,60.0,-8087.0,60
0,1.0,211.0,-10726.0,60
0,0.0,60.0,-8181.0,60
0,1.0,211.0,-11982.0,60
0,0.0,60.0,-8280.0,60
0,1.0,212.0,-11588.0,60
0,0.0,60.0,-8072.0,60
0,1.0,211.0,-11746.0,60
0,0.0,60.0,-8159.0,60
0,1.0,211.0,-11442.0,60
0,0.0,60.0,-8176.0,60
0,1.0,211.0,-11735.0,60
0,0.0,61.0,-8097.0,60
0,1.0,210.0,-11791.0,60
0,0.0,60.0,-8175.0,60
0,1.0,211.0,-11663.0,60
0,0.0,60.0,-8283.0,60
0,1.0,212.0,-11491.0,60
0,0.0,60.0,-8140.0,60
0,1.0,212.0,-11249.0,60
0,0.0,60.0,-8152.0,60
0,1.0,211.0,-11214.0,60
0,0.0,61.0,-8194.0,60
0,1.0,211.0,-11525.0,60
0,0.0,60.0,-8171.0,60
0,1.0,212.0,-11606.0,60
0,0.0,60.0,-8170.0,60
0,1.0,212.0,-11483.0,60
0,0.0,60.0,-8112.0,60
0,1.0,211.0,-11606.0,60
0,0.0,60.0,-8249.0,60
0,1.0,211.0,-11770.0,60
0,0.0,60.0,-8158.0,60
0,1.0,209.0,-11840.0,60
0,0.0,60.0,-8177.0,60
0,1.0,211.0,-11929.0,60
0,0.0,60.0,-8058.0,60
0,1.0,212.0,-10802.0,60
0,0.0,214.0,-6852.0,60
0,1.0,49.0,-18076.0,60
0,2.0,268.0,-20196.0,60
0,0.0,216.0,-7103.0,60
0,0.0,214.0,-8830.0,60
0,1.0,57.0,-14719.0,60
0,0.0,60.0,-8342.0,60
0,1.0,211.0,-9702.0,60
0,0.0,60.0,-10609.0,60
0,1.0,210.0,-11737.0,60
0,2.0,268.0,-20392.0,60
0,0.0,214.0,-7951.0,60
0,1.0,59.0,-9171.0,60
0,0.0,214.0,-7066.0,60
0,1.0,271.0,-21265.0,60
0,0.0,60.0,-8147.0,60
0,1.0,213.0,-9265.0,60
0,0.0,60.0,-8135.0,60
0,1.0,214.0,-9703.0,60
0,0.0,216.0,-6297.0,60
0,1.0,54.0,-15235.0,60
0,0.0,215.0,-6625.0,60
0,1.0,57.0,-11782.0,60
0,0.0,217.0,-9660.0,60
0,1.0,62.0,-11543.0,60
0,0.0,217.0,-6245.0,60
0,1.0,54.0,-15874.0,60
0,0.0,215.0,-6444.0,60
0,1.0,51.0,-19216.0,60
0,0.0,216.0,-6804.0,60
0,1.0,53.0,-19048.0,60
0,0.0,216.0,-6565.0,60
0,1.0,51.0,-19134.0,60
0,0.0,215.0,-6762.0,60
0,1.0,51.0,-19380.0,60
0,0.0,216.0,-6402.0,60
0,1.0,52.0,-19008.0,60
0,2.0,276.0,-20615.0,60
0,0.0,216.0,-6642.0,60
0,1.0,52.0,-18931.0,60
0,0.0,215.0,-6610.0,60
0,1.0,52.0,-19135.0,60
0,0.0,216.0,-6460.0,60
0,1.0,50.0,-19319.0,60
0,2.0,280.0,-22601.0,60
0,0.0,217.0,-6426.0,60
0,1.0,51.0,-18906.0,60
0,0.0,216.0,-6403.0,60
0,1.0,52.0,-19093.0,60
0,0.0,217.0,-6629.0,60
0,1.0,51.0,-19067.0,60
0,0.0,216.0,-6312.0,60
0,1.0,52.0,-18554.0,60
0,0.0,215.0,-6787.0,60
0,1.0,51.0,-19289.0,60
0,0.0,216.0,-6546.0,60
0,1.0,52.0,-18963.0,60
0,2.0,288.0,-21423.0,60
0,0.0,216.0,-6241.0,60
0,1.0,51.0,-19118.0,60
0,0.0,216.0,-6714.0,60
0,1.0,52.0,-19173.0,60
0,2.0,276.0,-20502.0,60
0,0.0,215.0,-6537.0,60
0,1.0,52.0,-19004.0,60
0,0.0,215.0,-6571.0,60
0,1.0,52.0,-18786.0,60
0,0.0,216.0,-6760.0,60
0,1.0,52.0,-18915.0,60
0,0.0,216.0,-6767.0,60
0,1.0,52.0,-18737.0,60
0,0.0,216.0,-6430.0,60
0,1.0,51.0,-19274.0,60
0,2.0,273.0,-20500.0,60
0,0.0,215.0,-6677.0,60
0,1.0,52.0,-19249.0,60
0,0.0,216.0,-6296.0,60
0,1.0,52.0,-19059.0,60
0,2.0,274.0,-20661.0,60
0,0.0,217.0,-6614.0,60
0,1.0,52.0,-19158.0,60
0,0.0,216.0,-6937.0,60
0,1.0,51.0,-18898.0,60
0,2.0,271.0,-22321.0,60
0,0.0,216.0,-6805.0,60
0,1.0,51.0,-19447.0,60
0,0.0,215.0,-6826.0,60
0,1.0,52.0,-18693.0,60
0,2.0,281.0,-20565.0,60
0,0.0,216.0,-6682.0,60
0,1.0,52.0,-19321.0,60
0,2.0,279.0,-19931.0,60
0,0.0,216.0,-6600.0,60
0,1.0,51.0,-19117.0,60
0,0.0,216.0,-6456.0,60
0,1.0,53.0,-16458.0,60
1,0.0,58.0,-8257.0,60
1,1.0,211.0,-8981.0,60
1,0.0,212.0,-7010.0,60
1,1.0,57.0,-9430.0,60
1,0.0,212.0,-8332.0,60
1,1.0,58.0,-8335.0,60
1,0.0,213.0,-7443.0,60
1,1.0,57.0,-8827.0,60
1,0.0,212.0,-7546.0,60
1,1.0,57.0,-8683.0,60
1,0.0,212.0,-7444.0,60
1,1.0,57.0,-8663.0,60
1,0.0,213.0,-7716.0,60
1,1.0,57.0,-8632.0,60
1,0.0,212.0,-7455.0,60
1,1.0,57.0,-8876.0,60
1,0.0,213.0,-7541.0,60
1,1.0,57.0,-8795.0,60
1,0.0,212.0,-7174.0,60
1,1.0,57.0,-9042.0,60
1,0.0,213.0,-7393.0,60
1,1.0,57.0,-9056.0,60
1,0.0,212.0,-6848.0,60
1,1.0,57.0,-9873.0,60
1,0.0,213.0,-6646.0,60
1,1.0,56.0,-10244.0,60
1,0.0,213.0,-7502.0,60
1,1.0,56.0,-8934.0,60
1,0.0,212.0,-7377.0,60
1,1.0,57.0,-8972.0,60
1,0.0,212.0,-7805.0,60
1,1.0,57.0,-8510.0,60
1,0.0,212.0,-7671.0,60
1,1.0,57.0,-8546.0,60
1,0.0,213.0,-7773.0,60
1,1.0,57.0,-8612.0,60
1,0.0,213.0,-7951.0,60
1,1.0,57.0,-8408.0,60
1,0.0,212.0,-7958.0,60
1,1.0,57.0,-8506.0,60
1,0.0,57.0,-8324.0,60
1,1.0,213.0,-8340.0,60
1,0.0,212.0,-6900.0,60
1,1.0,57.0,-9257.0,60
1,0.0,212.0,-8009.0,60
1,1.0,58.0,-8413.0,60
1,0.0,212.0,-6726.0,60
1,1.0,57.0,-9635.0,60
1,0.0,58.0,-8242.0,60
1,1.0,212.0,-8554.0,60
1,0.0,213.0,-7581.0,60
1,1.0,57.0,-8821.0,60
1,0.0,213.0,-7698.0,60
1,1.0,57.0,-8558.0,60
1,0.0,214.0,-7517.0,60
1,1.0,57.0,-8765.0,60
1,0.0,213.0,-7403.0,60
1,1.0,57.0,-8984.0,60
1,0.0,58.0,-8193.0,60
1,1.0,212.0,-8410.0,60
1,0.0,212.0,-6869.0,60
1,1.0,57.0,-9577.0,60
1,0.0,58.0,-8154.0,60
1,1.0,211.0,-9133.0,60
1,0.0,213.0,-7803.0,60
1,1.0,57.0,-8593.0,60
1,0.0,214.0,-7492.0,60
1,1.0,57.0,-8627.0,60
1,0.0,58.0,-8379.0,60
1,1.0,211.0,-8405.0,60
1,0.0,213.0,-7225.0,60
1,1.0,57.0,-9157.0,60
1,0.0,212.0,-8122.0,60
1,1.0,57.0,-8447.0,60
1,0.0,58.0,-8281.0,60
1,1.0,212.0,-8384.0,60
1,0.0,212.0,-7834.0,60
1,1.0,57.0,-8490.0,60
1,0.0,215.0,-9074.0,60
1,1.0,60.0,-12522.0,60
1,0.0,59.0,-8225.0,60
1,1.0,213.0,-8835.0,60
1,0.0,216.0,-6123.0,60
1,1.0,55.0,-13831.0,60
1,0.0,217.0,-6123.0,60
1,1.0,56.0,-13846.0,60
1,0.0,217.0,-6130.0,60
1,1.0,53.0,-17153.0,60
1,0.0,216.0,-6666.0,60
1,1.0,57.0,-17894.0,60
1,0.0,215.0,-7205.0,60
1,1.0,59.0,-15673.0,60
1,0.0,216.0,-7089.0,60
1,1.0,60.0,-16043.0,60
1,0.0,62.0,-9114.0,60
1,1.0,216.0,-12307.0,60
1,0.0,63.0,-8660.0,60
1,1.0,211.0,-13466.0,60
1,0.0,62.0,-8128.0,60
1,1.0,215.0,-10404.0,60
1,0.0,62.0,-8145.0,60
1,1.0,215.0,-10523.0,60
1,0.0,62.0,-8097.0,60
1,1.0,215.0,-10654.0,60
1,0.0,62.0,-8177.0,60
1,1.0,215.0,-10728.0,60
1,0.0,62.0,-8066.0,60
1,1.0,215.0,-10853.0,60
1,0.0,62.0,-8168.0,60
1,1.0,214.0,-11224.0,60
1,0.0,62.0,-8163.0,60
1,1.0,215.0,-10683.0,60
1,0.0,62.0,-8181.0,60
1,1.0,215.0,-11415.0,60
1,0.0,62.0,-8035.0,60
1,1.0,213.0,-12016.0,60
1,0.0,62.0,-8138.0,60
1,1.0,214.0,-12430.0,60
1,0.0,62.0,-8194.0,60
1,1.0,214.0,-12477.0,60
1,0.0,61.0,-8509.0,60
1,1.0,216.0,-9123.0,60
1,0.0,216.0,-6902.0,60
1,1.0,60.0,-11782.0,60
1,0.0,217.0,-6451.0,60
1,1.0,58.0,-14288.0,60
1,0.0,219.0,-6183.0,60
1,1.0,53.0,-20774.0,60
1,2.0,279.0,-22763.0,60
1,0.0,218.0,-6236.0,60
1,1.0,54.0,-20893.0,60
1,2.0,274.0,-22303.0,60
1,0.0,219.0,-6322.0,60
1,1.0,54.0,-20651.0,60
1,2.0,272.0,-22457.0,60
1,0.0,219.0,-6014.0,60
1,1.0,281.0,-20839.0,60
1,2.0,55.0,-20935.0,60
1,0.0,219.0,-5785.0,60
1,1.0,54.0,-19135.0,60
1,2.0,123.0,-29459.0,60
1,0.0,219.0,-6267.0,60
1,1.0,53.0,-20550.0,60
1,0.0,218.0,-6110.0,60
1,1.0,57.0,-15361.0,60
1,2.0,123.0,-29644.0,60
1,0.0,213.0,-7984.0,60
1,1.0,53.0,-16903.0,60
1,2.0,272.0,-17554.0,60
1,0.0,61.0,-9903.0,60
1,1.0,209.0,-11445.0,60
1,0.0,61.0,-9979.0,60
1,1.0,208.0,-11781.0,60
1,0.0,61.0,-9999.0,60
1,1.0,210.0,-11655.0,60
1,0.0,61.0,-9548.0,60
1,1.0,209.0,-11913.0,60
1,0.0,61.0,-10097.0,60
1,1.0,210.0,-11016.0,60
1,0.0,60.0,-10233.0,60
1,1.0,209.0,-11833.0,60
1,0.0,61.0,-10373.0,60
1,1.0,209.0,-11306.0,60
1,0.0,61.0,-10640.0,60
1,1.0,210.0,-11318.0,60
1,0.0,61.0,-10723.0,60
1,1.0,211.0,-11330.0,60
1,0.0,61.0,-10327.0,60
1,1.0,210.0,-11167.0,60
1,0.0,61.0,-9629.0,60
1,1.0,208.0,-11666.0,60
1,0.0,60.0,-8172.0,60
1,1.0,211.0,-11399.0,60
1,0.0,60.0,-8123.0,60
1,1.0,210.0,-11519.0,60
1,0.0,60.0,-8130.0,60
1,1.0,210.0,-12059.0,60
1,0.0,60.0,-8007.0,60
1,1.0,212.0,-11037.0,60
1,0.0,60.0,-8048.0,60
1,1.0,211.0,-11527.0,60
1,0.0,60.0,-8102.0,60
1,1.0,210.0,-11381.0,60
1,0.0,60.0,-8093.0,60
1,1.0,211.0,-11408.0,60
1,0.0,60.0,-8115.0,60
1,1.0,211.0,-11388.0,60
1,0.0,60.0,-8081.0,60
1,1.0,212.0,-11264.0,60
1,0.0,60.0,-8109.0,60
1,1.0,211.0,-10730.0,60
1,0.0,60.0,-8080.0,60
1,1.0,212.0,-10888.0,60
1,0.0,60.0,-8196.0,60
1,1.0,211.0,-11120.0,60
1,0.0,60.0,-8073.0,60
1,1.0,211.0,-11129.0,60
1,0.0,61.0,-8073.0,60
1,1.0,211.0,-11720.0,60
1,0.0,60.0,-8037.0,60
2,0.0,60.0,-8092.0,60
2,1.0,212.0,-10991.0,60
2,0.0,60.0,-7974.0,60
2,1.0,211.0,-10654.0,60
2,0.0,60.0,-8098.0,60
2,1.0,211.0,-10849.0,60
2,0.0,60.0,-8063.0,60
2,1.0,211.0,-10985.0,60
2,0.0,60.0,-8019.0,60
2,1.0,212.0,-10804.0,60
2,0.0,60.0,-7998.0,60
2,1.0,210.0,-10829.0,60
2,0.0,60.0,-8053.0,60
2,1.0,210.0,-11340.0,60
2,0.0,60.0,-8059.0,60
2,1.0,211.0,-11158.0,60
2,0.0,60.0,-8026.0,60
2,1.0,212.0,-10627.0,60
2,0.0,60.0,-8097.0,60
2,1.0,211.0,-10792.0,60
2,0.0,60.0,-8091.0,60
2,1.0,211.0,-10834.0,60
2,0.0,60.0,-7970.0,60
2,1.0,212.0,-10499.0,60
2,0.0,60.0,-7979.0,60
2,1.0,210.0,-11026.0,60
2,0.0,60.0,-8002.0,60
2,1.0,212.0,-10792.0,60
2,0.0,60.0,-8117.0,60
2,1.0,211.0,-10983.0,60
2,0.0,60.0,-8170.0,60
2,1.0,212.0,-10707.0,60
2,0.0,60.0,-8080.0,60
2,1.0,211.0,-10985.0,60
2,0.0,60.0,-7986.0,60
2,1.0,211.0,-10810.0,60
2,0.0,60.0,-7934.0,60
2,1.0,211.0,-10886.0,60
2,0.0,60.0,-7993.0,60
2,1.0,213.0,-10826.0,60
2,0.0,60.0,-8055.0,60
2,1.0,213.0,-10892.0,60
2,0.0,60.0,-8080.0,60
2,1.0,211.0,-10868.0,60
2,0.0,60.0,-8047.0,60
2,1.0,211.0,-10663.0,60
2,0.0,60.0,-8115.0,60
2,1.0,211.0,-10731.0,60
2,0.0,60.0,-8161.0,60
2,1.0,211.0,-10743.0,60
2,0.0,60.0,-8105.0,60
2,1.0,211.0,-10950.0,60
2,0.0,60.0,-8007.0,60
2,1.0,210.0,-11360.0,60
2,0.0,60.0,-8050.0,60
2,1.0,211.0,-10720.0,60
2,0.0,60.0,-8135.0,60
2,1.0,211.0,-10762.0,60
2,0.0,60.0,-8102.0,60
2,1.0,212.0,-10962.0,60
2,0.0,60.0,-8159.0,60
2,1.0,212.0,-10861.0,60
2,0.0,60.0,-8075.0,60
2,1.0,212.0,-10657.0,60
2,0.0,60.0,-8147.0,60
2,1.0,212.0,-10639.0,60
2,0.0,60.0,-8133.0,60
2,1.0,211.0,-10736.0,60
2,0.0,60.0,-7932.0,60
2,1.0,212.0,-10703.0,60
2,0.0,60.0,-8083.0,60
2,1.0,212.0,-10933.0,60
2,0.0,60.0,-8079.0,60
2,1.0,211.0,-10836.0,60
2,0.0,60.0,-8100.0,60
2,1.0,211.0,-10819.0,60
2,0.0,60.0,-8029.0,60
2,1.0,212.0,-10659.0,60
2,0.0,60.0,-8122.0,60
2,1.0,212.0,-11458.0,60
2,0.0,60.0,-8036.0,60
2,1.0,212.0,-10792.0,60
2,0.0,60.0,-8031.0,60
2,1.0,211.0,-10821.0,60
2,0.0,60.0,-8007.0,60
2,1.0,211.0,-10848.0,60
2,0.0,60.0,-8126.0,60
2,1.0,211.0,-11037.0,60
2,0.0,60.0,-8009.0,60
2,1.0,211.0,-11209.0,60
2,0.0,60.0,-8111.0,60
2,1.0,211.0,-11009.0,60
2,0.0,60.0,-8061.0,60
2,1.0,213.0,-10831.0,60
2,0.0,60.0,-7988.0,60
2,1.0,210.0,-10523.0,60
2,0.0,60.0,-7946.0,60
2,1.0,212.0,-10506.0,60
2,0.0,60.0,-8066.0,60
2,1.0,211.0,-10632.0,60
2,0.0,60.0,-7976.0,60
2,1.0,212.0,-10739.0,60
2,0.0,60.0,-8154.0,60
2,1.0,212.0,-11061.0,60
2,0.0,60.0,-8114.0,60
2,1.0,212.0,-10849.0,60
2,0.0,60.0,-8127.0,60
2,1.0,211.0,-11011.0,60
2,0.0,60.0,-8077.0,60
2,1.0,211.0,-10761.0,60
2,0.0,60.0,-8058.0,60
2,1.0,212.0,-10530.0,60
2,0.0,60.0,-7984.0,60
2,1.0,211.0,-10640.0,60
2,0.0,60.0,-8068.0,60
2,1.0,212.0,-10464.0,60
2,0.0,60.0,-8061.0,60
2,1.0,211.0,-10980.0,60
2,0.0,60.0,-8095.0,60
2,1.0,212.0,-10617.0,60
2,0.0,60.0,-8010.0,60
2,1.0,212.0,-10788.0,60
2,0.0,60.0,-8039.0,60
2,1.0,212.0,-10981.0,60
2,0.0,60.0,-7994.0,60
2,1.0,212.0,-10766.0,60
2,0.0,60.0,-8009.0,60
2,1.0,213.0,-10538.0,60
2,0.0,60.0,-8066.0,60
2,1.0,213.0,-10604.0,60
2,0.0,60.0,-8012.0,60
2,1.0,211.0,-10480.0,60
2,0.0,60.0,-8050.0,60
2,1.0,211.0,-10962.0,60
2,0.0,60.0,-7966.0,60
2,1.0,211.0,-10688.0,60
2,0.0,60.0,-7965.0,60
2,1.0,211.0,-10412.0,60
2,0.0,60.0,-8081.0,60
2,1.0,211.0,-11066.0,60
2,0.0,60.0,-8103.0,60
2,1.0,211.0,-10706.0,60
2,0.0,60.0,-8091.0,60
2,1.0,211.0,-10987.0,60
2,0.0,60.0,-8104.0,60
2,1.0,211.0,-11117.0,60
2,0.0,60.0,-8061.0,60
2,1.0,212.0,-10480.0,60
2,0.0,60.0,-7967.0,60
2,1.0,211.0,-10393.0,60
2,0.0,60.0,-8088.0,60
2,1.0,211.0,-10788.0,60
2,0.0,60.0,-8107.0,60
2,1.0,211.0,-10813.0,60
2,0.0,60.0,-8075.0,60
2,1.0,212.0,-10429.0,60
2,0.0,60.0,-8099.0,60
2,1.0,211.0,-11041.0,60
2,0.0,60.0,-8065.0,60
2,1.0,211.0,-10763.0,60
2,0.0,60.0,-8106.0,60
2,1.0,212.0,-11006.0,60
2,0.0,60.0,-8039.0,60
2,1.0,212.0,-10750.0,60
2,0.0,60.0,-8160.0,60
2,1.0,212.0,-10742.0,60
2,0.0,60.0,-8112.0,60
2,1.0,212.0,-10638.0,60
2,0.0,60.0,-7986.0,60
2,1.0,212.0,-10644.0,60
2,0.0,60.0,-8024.0,60
2,1.0,212.0,-10401.0,60
2,0.0,60.0,-8029.0,60
2,1.0,211.0,-10730.0,60
2,0.0,60.0,-8054.0,60
2,1.0,211.0,-10771.0,60
2,0.0,60.0,-8104.0,60
2,1.0,211.0,-10945.0,60
2,0.0,60.0,-8106.0,60
2,1.0,211.0,-10907.0,60
2,0.0,60.0,-8143.0,60
2,1.0,211.0,-10902.0,60
2,0.0,60.0,-7994.0,60
2,1.0,212.0,-10581.0,60
2,0.0,60.0,-8080.0,60
2,1.0,211.0,-11137.0,60
2,0.0,60.0,-8117.0,60
2,1.0,211.0,-10979.0,60
2,0.0,60.0,-8078.0,60
2,1.0,211.0,-10556.0,60
2,0.0,60.0,-7981.0,60
2,1.0,212.0,-10411.0,60
2,0.0,60.0,-8054.0,60
2,1.0,211.0,-10921.0,60
2,0.0,60.0,-7920.0,60
2,1.0,212.0,-10890.0,60
2,0.0,60.0,-7972.0,60
2,1.0,211.0,-10623.0,60
2,0.0,60.0,-8039.0,60
2,1.0,211.0,-10655.0,60
3,0.0,60.0,-7976.0,60
3,1.0,212.0,-10643.0,60
3,0.0,60.0,-8136.0,60
3,1.0,211.0,-10816.0,60
3,0.0,60.0,-7988.0,60
3,1.0,212.0,-10738.0,60
3,0.0,60.0,-8065.0,60
3,1.0,211.0,-10679.0,60
3,0.0,60.0,-8059.0,60
3,1.0,211.0,-10858.0,60
3,0.0,60.0,-8115.0,60
3,1.0,212.0,-10863.0,60
3,0.0,60.0,-8108.0,60
3,1.0,212.0,-10740.0,60
3,0.0,60.0,-8048.0,60
3,1.0,211.0,-10990.0,60
3,0.0,60.0,-8053.0,60
3,1.0,211.0,-10719.0,60
3,0.0,60.0,-8060.0,60
3,1.0,211.0,-10675.0,60
3,0.0,60.0,-8057.0,60
3,1.0,212.0,-10590.0,60
3,0.0,60.0,-8061.0,60
3,1.0,212.0,-10507.0,60
3,0.0,60.0,-8121.0,60
3,1.0,210.0,-11145.0,60
3,0.0,60.0,-7997.0,60
3,1.0,212.0,-10423.0,60
3,0.0,60.0,-8189.0,60
3,1.0,212.0,-11087.0,60
3,0.0,60.0,-8075.0,60
3,1.0,212.0,-10691.0,60
3,0.0,60.0,-8040.0,60
3,1.0,210.0,-10826.0,60
3,0.0,60.0,-7997.0,60
3,1.0,212.0,-11014.0,60
3,0.0,60.0,-8082.0,60
3,1.0,212.0,-10343.0,60
3,0.0,60.0,-8011.0,60
3,1.0,212.0,-10665.0,60
3,0.0,60.0,-8054.0,60
3,1.0,211.0,-10788.0,60
3,0.0,60.0,-8117.0,60
3,1.0,212.0,-10608.0,60
3,0.0,60.0,-8011.0,60
3,1.0,213.0,-10509.0,60
3,0.0,60.0,-8062.0,60
3,1.0,213.0,-10427.0,60
3,0.0,60.0,-8080.0,60
3,1.0,211.0,-10968.0,60
3,0.0,60.0,-8002.0,60
3,1.0,212.0,-10514.0,60
3,0.0,60.0,-8115.0,60
3,1.0,212.0,-10637.0,60
3,0.0,60.0,-8081.0,60
3,1.0,213.0,-10695.0,60
3,0.0,60.0,-7956.0,60
3,1.0,212.0,-10544.0,60
3,0.0,60.0,-8087.0,60
3,1.0,212.0,-10911.0,60
3,0.0,60.0,-8073.0,60
3,1.0,212.0,-10787.0,60
3,0.0,60.0,-8015.0,60
3,1.0,211.0,-10858.0,60
3,0.0,60.0,-8037.0,60
3,1.0,212.0,-10558.0,60
3,0.0,60.0,-8116.0,60
3,1.0,212.0,-10558.0,60
3,0.0,60.0,-7994.0,60
3,1.0,211.0,-10621.0,60
3,0.0,60.0,-7977.0,60
3,1.0,211.0,-10535.0,60
3,0.0,60.0,-7999.0,60
3,1.0,211.0,-10618.0,60
3,0.0,60.0,-7933.0,60
3,1.0,212.0,-10827.0,60
3,0.0,60.0,-8158.0,60
3,1.0,212.0,-10697.0,60
3,0.0,60.0,-8106.0,60
3,1.0,211.0,-10934.0,60
3,0.0,60.0,-8071.0,60
3,1.0,212.0,-10597.0,60
3,0.0,60.0,-8002.0,60
3,1.0,211.0,-10838.0,60
3,0.0,60.0,-8082.0,60
3,1.0,212.0,-10530.0,60
3,0.0,60.0,-8060.0,60
3,1.0,211.0,-10675.0,60
3,0.0,60.0,-8057.0,60
3,1.0,211.0,-10823.0,60
3,0.0,60.0,-8087.0,60
3,1.0,211.0,-10527.0,60
3,0.0,60.0,-8116.0,60
3,1.0,212.0,-10799.0,60
3,0.0,60.0,-8098.0,60
3,1.0,211.0,-11014.0,60
3,0.0,60.0,-7928.0,60
3,1.0,211.0,-10251.0,60
3,0.0,60.0,-8101.0,60
3,1.0,212.0,-10482.0,60
3,0.0,60.0,-8034.0,60
3,1.0,212.0,-10745.0,60
3,0.0,60.0,-8127.0,60
3,1.0,211.0,-10586.0,60
3,0.0,60.0,-8091.0,60
3,1.0,212.0,-10606.0,60
3,0.0,60.0,-8150.0,60
3,1.0,211.0,-10814.0,60
3,0.0,60.0,-8128.0,60
3,1.0,211.0,-10987.0,60
3,0.0,60.0,-8028.0,60
3,1.0,212.0,-10680.0,60
3,0.0,60.0,-8125.0,60
3,1.0,212.0,-10504.0,60
3,0.0,60.0,-8176.0,60
3,1.0,211.0,-11123.0,60
3,0.0,60.0,-8041.0,60
3,1.0,211.0,-10740.0,60
3,0.0,60.0,-7970.0,60
3,1.0,212.0,-10332.0,60
3,0.0,60.0,-8040.0,60
3,1.0,211.0,-10479.0,60
3,0.0,60.0,-8171.0,60
3,1.0,212.0,-10365.0,60
3,0.0,60.0,-8056.0,60
3,1.0,211.0,-10669.0,60
3,0.0,60.0,-8076.0,60
3,1.0,211.0,-10695.0,60
3,0.0,60.0,-8179.0,60
3,1.0,211.0,-10926.0,60
3,0.0,60.0,-7951.0,60
3,1.0,211.0,-10292.0,60
3,0.0,60.0,-8081.0,60
3,1.0,211.0,-10685.0,60
3,0.0,60.0,-8110.0,60
3,1.0,211.0,-10736.0,60
3,0.0,60.0,-8069.0,60
3,1.0,212.0,-10508.0,60
3,0.0,60.0,-8027.0,60
3,1.0,212.0,-10395.0,60
3,0.0,60.0,-8159.0,60
3,1.0,212.0,-10649.0,60
3,0.0,60.0,-8013.0,60
3,1.0,212.0,-10309.0,60
3,0.0,60.0,-7946.0,60
3,1.0,213.0,-10587.0,60
3,0.0,60.0,-8077.0,60
3,1.0,211.0,-10522.0,60
3,0.0,60.0,-8122.0,60
3,1.0,212.0,-10839.0,60
3,0.0,60.0,-8171.0,60
3,1.0,212.0,-10633.0,60
3,0.0,60.0,-8089.0,60
3,1.0,211.0,-10679.0,60
3,0.0,60.0,-8185.0,60
3,1.0,211.0,-10765.0,60
3,0.0,60.0,-8066.0,60
3,1.0,212.0,-10620.0,60
3,0.0,60.0,-8046.0,60
3,1.0,211.0,-10506.0,60
3,0.0,60.0,-7978.0,60
3,1.0,212.0,-10515.0,60
3,0.0,60.0,-8141.0,60
3,1.0,213.0,-10691.0,60
3,0.0,60.0,-8075.0,60
3,1.0,211.0,-10856.0,60
3,0.0,60.0,-8014.0,60
3,1.0,212.0,-10566.0,60
3,0.0,60.0,-7992.0,60
3,1.0,212.0,-10498.0,60
3,0.0,60.0,-8152.0,60
3,1.0,211.0,-10766.0,60
3,0.0,60.0,-8006.0,60
3,1.0,212.0,-10587.0,60
3,0.0,60.0,-7999.0,60
3,1.0,211.0,-10824.0,60
3,0.0,60.0,-7992.0,60
3,1.0,212.0,-10631.0,60
3,0.0,60.0,-8018.0,60
3,1.0,212.0,-10371.0,60
3,0.0,60.0,-8145.0,60
3,1.0,212.0,-10611.0,60
3,0.0,60.0,-7978.0,60
3,1.0,212.0,-10604.0,60
3,0.0,60.0,-8137.0,60
3,1.0,211.0,-10669.0,60
3,0.0,60.0,-8027.0,60
3,1.0,211.0,-10526.0,60
3,0.0,60.0,-8021.0,60
3,1.0,212.0,-11041.0,60
3,0.0,60.0,-8043.0,60
3,1.0,211.0,-10551.0,60
3,0.0,60.0,-7990.0,60
3,1.0,212.0,-10594.0,60
3,0.0,60.0,-8123.0,60
3,1.0,212.0,-10594.0,60
3,0.0,60.0,-8149.0,60
3,1.0,212.0,-10761.0,60
3,0.0,60.0,-8160.0,60
3,1.0,211.0,-10519.0,60
4,0.0,60.0,-8081.0,60
4,1.0,212.0,-10553.0,60
4,0.0,60.0,-8168.0,60
4,1.0,210.0,-11090.0,60
4,0.0,60.0,-8014.0,60
4,1.0,212.0,-10524.0,60
4,0.0,60.0,-8114.0,60
4,1.0,212.0,-10617.0,60
4,0.0,60.0,-7974.0,60
4,1.0,212.0,-10514.0,60
4,0.0,60.0,-8072.0,60
4,1.0,213.0,-11035.0,60
4,0.0,60.0,-7959.0,60
4,1.0,212.0,-10611.0,60
4,0.0,60.0,-8050.0,60
4,1.0,211.0,-10677.0,60
4,0.0,60.0,-8022.0,60
4,1.0,211.0,-10218.0,60
4,0.0,60.0,-7994.0,60
4,1.0,211.0,-10623.0,60
4,0.0,60.0,-8058.0,60
4,1.0,211.0,-10705.0,60
4,0.0,216.0,-9182.0,60
4,1.0,61.0,-11699.0,60
4,0.0,60.0,-8425.0,60
4,1.0,212.0,-10448.0,60
4,2.0,269.0,-20914.0,60
4,0.0,216.0,-7025.0,60
4,1.0,55.0,-16835.0,60
4,0.0,58.0,-8167.0,60
4,1.0,210.0,-11428.0,60
4,0.0,59.0,-10609.0,60
4,1.0,211.0,-14228.0,60
4,0.0,212.0,-6936.0,60
4,1.0,55.0,-11923.0,60
4,0.0,213.0,-7997.0,60
4,1.0,57.0,-9215.0,60
4,0.0,215.0,-6310.0,60
4,1.0,49.0,-18090.0,60
4,0.0,215.0,-6221.0,60
4,1.0,53.0,-18487.0,60
4,0.0,215.0,-6271.0,60
4,1.0,50.0,-16960.0,60
4,0.0,214.0,-7965.0,60
4,1.0,60.0,-11849.0,60
4,0.0,60.0,-8747.0,60
4,1.0,208.0,-12535.0,60
4,0.0,60.0,-8332.0,60
4,1.0,210.0,-12163.0,60
4,0.0,59.0,-8710.0,60
4,1.0,214.0,-9025.0,60
4,0.0,213.0,-8810.0,60
4,1.0,59.0,-9009.0,60
4,0.0,214.0,-8097.0,60
4,1.0,58.0,-9524.0,60
4,0.0,214.0,-7224.0,60
4,1.0,58.0,-11842.0,60
4,0.0,214.0,-7193.0,60
4,1.0,57.0,-11423.0,60
4,0.0,215.0,-7116.0,60
4,1.0,57.0,-11577.0,60
4,0.0,215.0,-7167.0,60
4,1.0,57.0,-11525.0,60
4,0.0,214.0,-7164.0,60
4,1.0,57.0,-11448.0,60
4,0.0,214.0,-7227.0,60
4,1.0,58.0,-11651.0,60
4,0.0,214.0,-7285.0,60
4,1.0,58.0,-11527.0,60
4,0.0,214.0,-7246.0,60
4,1.0,58.0,-11462.0,60
4,0.0,215.0,-6991.0,60
4,1.0,58.0,-11695.0,60
4,0.0,214.0,-7216.0,60
4,1.0,58.0,-11664.0,60
4,0.0,215.0,-7154.0,60
4,1.0,57.0,-11348.0,60
4,0.0,214.0,-7192.0,60
4,1.0,58.0,-11759.0,60
4,0.0,214.0,-7275.0,60
4,1.0,58.0,-11468.0,60
4,0.0,215.0,-6988.0,60
4,1.0,58.0,-11722.0,60
4,0.0,215.0,-7176.0,60
4,1.0,58.0,-11774.0,60
4,0.0,214.0,-7086.0,60
4,1.0,58.0,-11637.0,60
4,0.0,215.0,-7162.0,60
4,1.0,58.0,-11966.0,60
4,0.0,214.0,-7045.0,60
4,1.0,58.0,-11355.0,60
4,0.0,215.0,-7215.0,60
4,1.0,57.0,-11762.0,60
4,0.0,214.0,-7199.0,60
4,1.0,58.0,-11760.0,60
4,0.0,214.0,-7165.0,60
4,1.0,58.0,-11718.0,60
4,0.0,214.0,-6988.0,60
4,1.0,57.0,-11365.0,60
4,0.0,214.0,-7421.0,60
4,1.0,58.0,-11616.0,60
4,0.0,215.0,-7028.0,60
4,1.0,58.0,-11925.0,60
4,0.0,214.0,-7049.0,60
4,1.0,57.0,-11847.0,60
4,0.0,214.0,-7069.0,60
4,1.0,57.0,-11579.0,60
4,0.0,214.0,-7050.0,60
4,1.0,57.0,-11712.0,60
4,0.0,214.0,-7412.0,60
4,1.0,57.0,-11371.0,60
4,0.0,214.0,-7092.0,60
4,1.0,58.0,-11995.0,60
4,0.0,215.0,-6974.0,60
4,1.0,58.0,-11777.0,60
4,0.0,214.0,-7195.0,60
4,1.0,58.0,-11468.0,60
4,0.0,214.0,-6995.0,60
4,1.0,57.0,-11526.0,60
4,0.0,214.0,-7239.0,60
4,1.0,57.0,-11313.0,60
4,0.0,215.0,-7280.0,60
4,1.0,58.0,-11729.0,60
4,0.0,215.0,-7141.0,60
4,1.0,57.0,-11798.0,60
4,0.0,214.0,-7122.0,60
4,1.0,57.0,-11714.0,60
4,0.0,214.0,-7199.0,60
4,1.0,57.0,-11457.0,60
4,0.0,214.0,-7251.0,60
4,1.0,56.0,-11698.0,60
4,2.0,263.0,-23375.0,60
4,0.0,214.0,-7072.0,60
4,1.0,57.0,-11282.0,60
4,0.0,214.0,-7208.0,60
4,1.0,57.0,-11456.0,60
4,0.0,215.0,-6947.0,60
4,1.0,58.0,-11583.0,60
4,0.0,215.0,-7124.0,60
4,1.0,58.0,-11794.0,60
4,0.0,214.0,-7186.0,60
4,1.0,58.0,-11628.0,60
4,0.0,214.0,-7098.0,60
4,1.0,57.0,-11458.0,60
4,0.0,214.0,-7128.0,60
4,1.0,58.0,-11578.0,60
4,0.0,214.0,-7546.0,60
4,1.0,57.0,-11795.0,60
4,0.0,214.0,-7134.0,60
4,1.0,58.0,-11777.0,60
4,0.0,214.0,-7047.0,60
4,1.0,57.0,-11875.0,60
4,0.0,214.0,-7031.0,60
4,1.0,57.0,-11587.0,60
4,0.0,215.0,-7109.0,60
4,1.0,58.0,-11925.0,60
4,0.0,215.0,-7269.0,60
4,1.0,57.0,-11581.0,60
4,0.0,214.0,-6952.0,60
4,1.0,57.0,-11752.0,60
4,0.0,214.0,-7215.0,60
4,1.0,57.0,-12161.0,60
4,0.0,215.0,-7021.0,60
4,1.0,57.0,-11727.0,60
4,0.0,215.0,-7315.0,60
4,1.0,57.0,-11564.0,60
4,0.0,215.0,-7130.0,60
4,1.0,58.0,-11848.0,60
4,0.0,215.0,-7235.0,60
4,1.0,58.0,-11816.0,60
4,0.0,214.0,-7154.0,60
4,1.0,58.0,-11711.0,60
4,0.0,214.0,-7187.0,60
4,1.0,57.0,-11859.0,60
4,0.0,215.0,-7084.0,60
4,1.0,57.0,-11761.0,60
4,0.0,215.0,-7471.0,60
4,1.0,57.0,-11367.0,60
4,0.0,215.0,-7261.0,60
4,1.0,58.0,-11739.0,60
4,0.0,215.0,-7218.0,60
4,1.0,57.0,-11831.0,60
4,0.0,214.0,-7306.0,60
4,1.0,57.0,-11931.0,60
4,0.0,215.0,-7121.0,60
4,1.0,57.0,-11685.0,60
4,0.0,214.0,-7261.0,60
4,1.0,58.0,-11774.0,60
4,0.0,215.0,-7015.0,60
4,1.0,57.0,-11824.0,60
4,0.0,214.0,-7204.0,60
4,1.0,57.0,-11460.0,60
4,0.0,214.0,-7018.0,60
4,1.0,58.0,-11690.0,60
4,0.0,214.0,-7377.0,60
4,1.0,57.0,-11792.0,60
4,0.0,215.0,-7251.0,60
4,1.0,57.0,-11617.0,60
4,0.0,215.0,-7343.0,60
4,1.0,57.0,-11762.0,60
